Date,Region,AverageSalesPrice_NewHousesSold,AverageSalesPrice,NewOneFamilyHousesSold,MonthlySupplyofNewHouses,MedianSalesPriceofHousesSold,HomeownershipRate,TotalShipmentsofNewHomes,UnemploymentRate,EconomicPolicyUncertaintyIndex,HomePriceIndex,VacantHousingUnits_1,OccupiedHousingUnits,VacantHousingUnits_2,VacantforOtherReasons,RenterOccupiedHousingUnits,VacantHousingUnits_NotYetOccupied,VacantHousingUnits_forSale,TotalHousingUnits,MedianDaysonMarket,MedianListingPriceperSquareFeet
1948-01-01,United States,,,,,,,,3.4,,,,,,,,,,,,
1948-02-01,United States,,,,,,,,3.8,,,,,,,,,,,,
1948-03-01,United States,,,,,,,,4.0,,,,,,,,,,,,
1948-04-01,United States,,,,,,,,3.9,,,,,,,,,,,,
1948-05-01,United States,,,,,,,,3.5,,,,,,,,,,,,
1948-06-01,United States,,,,,,,,3.6,,,,,,,,,,,,
1948-07-01,United States,,,,,,,,3.6,,,,,,,,,,,,
1948-08-01,United States,,,,,,,,3.9,,,,,,,,,,,,
1948-09-01,United States,,,,,,,,3.8,,,,,,,,,,,,
1948-10-01,United States,,,,,,,,3.7,,,,,,,,,,,,
1948-11-01,United States,,,,,,,,3.8,,,,,,,,,,,,
1948-12-01,United States,,,,,,,,4.0,,,,,,,,,,,,
1949-01-01,United States,,,,,,,,4.3,,,,,,,,,,,,
1949-02-01,United States,,,,,,,,4.7,,,,,,,,,,,,
1949-03-01,United States,,,,,,,,5.0,,,,,,,,,,,,
1949-04-01,United States,,,,,,,,5.3,,,,,,,,,,,,
1949-05-01,United States,,,,,,,,6.1,,,,,,,,,,,,
1949-06-01,United States,,,,,,,,6.2,,,,,,,,,,,,
1949-07-01,United States,,,,,,,,6.7,,,,,,,,,,,,
1949-08-01,United States,,,,,,,,6.8,,,,,,,,,,,,
1949-09-01,United States,,,,,,,,6.6,,,,,,,,,,,,
1949-10-01,United States,,,,,,,,7.9,,,,,,,,,,,,
1949-11-01,United States,,,,,,,,6.4,,,,,,,,,,,,
1949-12-01,United States,,,,,,,,6.6,,,,,,,,,,,,
1950-01-01,United States,,,,,,,,6.5,,,,,,,,,,,,
1950-02-01,United States,,,,,,,,6.4,,,,,,,,,,,,
1950-03-01,United States,,,,,,,,6.3,,,,,,,,,,,,
1950-04-01,United States,,,,,,,,5.8,,,,,,,,,,,,
1950-05-01,United States,,,,,,,,5.5,,,,,,,,,,,,
1950-06-01,United States,,,,,,,,5.4,,,,,,,,,,,,
1950-07-01,United States,,,,,,,,5.0,,,,,,,,,,,,
1950-08-01,United States,,,,,,,,4.5,,,,,,,,,,,,
1950-09-01,United States,,,,,,,,4.4,,,,,,,,,,,,
1950-10-01,United States,,,,,,,,4.2,,,,,,,,,,,,
1950-11-01,United States,,,,,,,,4.2,,,,,,,,,,,,
1950-12-01,United States,,,,,,,,4.3,,,,,,,,,,,,
1951-01-01,United States,,,,,,,,3.7,,,,,,,,,,,,
1951-02-01,United States,,,,,,,,3.4,,,,,,,,,,,,
1951-03-01,United States,,,,,,,,3.4,,,,,,,,,,,,
1951-04-01,United States,,,,,,,,3.1,,,,,,,,,,,,
1951-05-01,United States,,,,,,,,3.0,,,,,,,,,,,,
1951-06-01,United States,,,,,,,,3.2,,,,,,,,,,,,
1951-07-01,United States,,,,,,,,3.1,,,,,,,,,,,,
1951-08-01,United States,,,,,,,,3.1,,,,,,,,,,,,
1951-09-01,United States,,,,,,,,3.3,,,,,,,,,,,,
1951-10-01,United States,,,,,,,,3.5,,,,,,,,,,,,
1951-11-01,United States,,,,,,,,3.5,,,,,,,,,,,,
1951-12-01,United States,,,,,,,,3.1,,,,,,,,,,,,
1952-01-01,United States,,,,,,,,3.2,,,,,,,,,,,,
1952-02-01,United States,,,,,,,,3.1,,,,,,,,,,,,
1952-03-01,United States,,,,,,,,2.9,,,,,,,,,,,,
1952-04-01,United States,,,,,,,,2.9,,,,,,,,,,,,
1952-05-01,United States,,,,,,,,3.0,,,,,,,,,,,,
1952-06-01,United States,,,,,,,,3.0,,,,,,,,,,,,
1952-07-01,United States,,,,,,,,3.2,,,,,,,,,,,,
1952-08-01,United States,,,,,,,,3.4,,,,,,,,,,,,
1952-09-01,United States,,,,,,,,3.1,,,,,,,,,,,,
1952-10-01,United States,,,,,,,,3.0,,,,,,,,,,,,
1952-11-01,United States,,,,,,,,2.8,,,,,,,,,,,,
1952-12-01,United States,,,,,,,,2.7,,,,,,,,,,,,
1953-01-01,United States,,,,,,,,2.9,,,,,,,,,,,,
1953-02-01,United States,,,,,,,,2.6,,,,,,,,,,,,
1953-03-01,United States,,,,,,,,2.6,,,,,,,,,,,,
1953-04-01,United States,,,,,,,,2.7,,,,,,,,,,,,
1953-05-01,United States,,,,,,,,2.5,,,,,,,,,,,,
1953-06-01,United States,,,,,,,,2.5,,,,,,,,,,,,
1953-07-01,United States,,,,,,,,2.6,,,,,,,,,,,,
1953-08-01,United States,,,,,,,,2.7,,,,,,,,,,,,
1953-09-01,United States,,,,,,,,2.9,,,,,,,,,,,,
1953-10-01,United States,,,,,,,,3.1,,,,,,,,,,,,
1953-11-01,United States,,,,,,,,3.5,,,,,,,,,,,,
1953-12-01,United States,,,,,,,,4.5,,,,,,,,,,,,
1954-01-01,United States,,,,,,,,4.9,,,,,,,,,,,,
1954-02-01,United States,,,,,,,,5.2,,,,,,,,,,,,
1954-03-01,United States,,,,,,,,5.7,,,,,,,,,,,,
1954-04-01,United States,,,,,,,,5.9,,,,,,,,,,,,
1954-05-01,United States,,,,,,,,5.9,,,,,,,,,,,,
1954-06-01,United States,,,,,,,,5.6,,,,,,,,,,,,
1954-07-01,United States,,,,,,,,5.8,,,,,,,,,,,,
1954-08-01,United States,,,,,,,,6.0,,,,,,,,,,,,
1954-09-01,United States,,,,,,,,6.1,,,,,,,,,,,,
1954-10-01,United States,,,,,,,,5.7,,,,,,,,,,,,
1954-11-01,United States,,,,,,,,5.3,,,,,,,,,,,,
1954-12-01,United States,,,,,,,,5.0,,,,,,,,,,,,
1955-01-01,United States,,,,,,,,4.9,,,,,,,,,,,,
1955-02-01,United States,,,,,,,,4.7,,,,,,,,,,,,
1955-03-01,United States,,,,,,,,4.6,,,,,,,,,,,,
1955-04-01,United States,,,,,,,,4.7,,,,,,,,,,,,
1955-05-01,United States,,,,,,,,4.3,,,,,,,,,,,,
1955-06-01,United States,,,,,,,,4.2,,,,,,,,,,,,
1955-07-01,United States,,,,,,,,4.0,,,,,,,,,,,,
1955-08-01,United States,,,,,,,,4.2,,,,,,,,,,,,
1955-09-01,United States,,,,,,,,4.1,,,,,,,,,,,,
1955-10-01,United States,,,,,,,,4.3,,,,,,,,,,,,
1955-11-01,United States,,,,,,,,4.2,,,,,,,,,,,,
1955-12-01,United States,,,,,,,,4.2,,,,,,,,,,,,
1956-01-01,United States,,,,,,,,4.0,,,,,,,,,,,,
1956-02-01,United States,,,,,,,,3.9,,,,,,,,,,,,
1956-03-01,United States,,,,,,,,4.2,,,,,,,,,,,,
1956-04-01,United States,,,,,,,,4.0,,,,,,,,,,,,
1956-05-01,United States,,,,,,,,4.3,,,,,,,,,,,,
1956-06-01,United States,,,,,,,,4.3,,,,,,,,,,,,
1956-07-01,United States,,,,,,,,4.4,,,,,,,,,,,,
1956-08-01,United States,,,,,,,,4.1,,,,,,,,,,,,
1956-09-01,United States,,,,,,,,3.9,,,,,,,,,,,,
1956-10-01,United States,,,,,,,,3.9,,,,,,,,,,,,
1956-11-01,United States,,,,,,,,4.3,,,,,,,,,,,,
1956-12-01,United States,,,,,,,,4.2,,,,,,,,,,,,
1957-01-01,United States,,,,,,,,4.2,,,,,,,,,,,,
1957-02-01,United States,,,,,,,,3.9,,,,,,,,,,,,
1957-03-01,United States,,,,,,,,3.7,,,,,,,,,,,,
1957-04-01,United States,,,,,,,,3.9,,,,,,,,,,,,
1957-05-01,United States,,,,,,,,4.1,,,,,,,,,,,,
1957-06-01,United States,,,,,,,,4.3,,,,,,,,,,,,
1957-07-01,United States,,,,,,,,4.2,,,,,,,,,,,,
1957-08-01,United States,,,,,,,,4.1,,,,,,,,,,,,
1957-09-01,United States,,,,,,,,4.4,,,,,,,,,,,,
1957-10-01,United States,,,,,,,,4.5,,,,,,,,,,,,
1957-11-01,United States,,,,,,,,5.1,,,,,,,,,,,,
1957-12-01,United States,,,,,,,,5.2,,,,,,,,,,,,
1958-01-01,United States,,,,,,,,5.8,,,,,,,,,,,,
1958-02-01,United States,,,,,,,,6.4,,,,,,,,,,,,
1958-03-01,United States,,,,,,,,6.7,,,,,,,,,,,,
1958-04-01,United States,,,,,,,,7.4,,,,,,,,,,,,
1958-05-01,United States,,,,,,,,7.4,,,,,,,,,,,,
1958-06-01,United States,,,,,,,,7.3,,,,,,,,,,,,
1958-07-01,United States,,,,,,,,7.5,,,,,,,,,,,,
1958-08-01,United States,,,,,,,,7.4,,,,,,,,,,,,
1958-09-01,United States,,,,,,,,7.1,,,,,,,,,,,,
1958-10-01,United States,,,,,,,,6.7,,,,,,,,,,,,
1958-11-01,United States,,,,,,,,6.2,,,,,,,,,,,,
1958-12-01,United States,,,,,,,,6.2,,,,,,,,,,,,
1959-01-01,United States,,,,,,,113.0,6.0,,,,,,,,,,,,
1959-02-01,United States,,,,,,,115.0,5.9,,,,,,,,,,,,
1959-03-01,United States,,,,,,,126.0,5.6,,,,,,,,,,,,
1959-04-01,United States,,,,,,,113.0,5.2,,,,,,,,,,,,
1959-05-01,United States,,,,,,,120.0,5.1,,,,,,,,,,,,
1959-06-01,United States,,,,,,,123.0,5.0,,,,,,,,,,,,
1959-07-01,United States,,,,,,,130.0,5.1,,,,,,,,,,,,
1959-08-01,United States,,,,,,,110.0,5.2,,,,,,,,,,,,
1959-09-01,United States,,,,,,,122.0,5.5,,,,,,,,,,,,
1959-10-01,United States,,,,,,,123.0,5.7,,,,,,,,,,,,
1959-11-01,United States,,,,,,,123.0,5.8,,,,,,,,,,,,
1959-12-01,United States,,,,,,,132.0,5.3,,,,,,,,,,,,
1960-01-01,United States,,,,,,,114.0,5.2,,,,,,,,,,,,
1960-02-01,United States,,,,,,,116.0,4.8,,,,,,,,,,,,
1960-03-01,United States,,,,,,,104.0,5.4,,,,,,,,,,,,
1960-04-01,United States,,,,,,,96.0,5.2,,,,,,,,,,,,
1960-05-01,United States,,,,,,,111.0,5.1,,,,,,,,,,,,
1960-06-01,United States,,,,,,,106.0,5.4,,,,,,,,,,,,
1960-07-01,United States,,,,,,,101.0,5.5,,,,,,,,,,,,
1960-08-01,United States,,,,,,,109.0,5.6,,,,,,,,,,,,
1960-09-01,United States,,,,,,,105.0,5.5,,,,,,,,,,,,
1960-10-01,United States,,,,,,,95.0,6.1,,,,,,,,,,,,
1960-11-01,United States,,,,,,,88.0,6.1,,,,,,,,,,,,
1960-12-01,United States,,,,,,,95.0,6.6,,,,,,,,,,,,
1961-01-01,United States,,,,,,,92.0,6.6,,,,,,,,,,,,
1961-02-01,United States,,,,,,,87.0,6.9,,,,,,,,,,,,
1961-03-01,United States,,,,,,,88.0,6.9,,,,,,,,,,,,
1961-04-01,United States,,,,,,,91.0,7.0,,,,,,,,,,,,
1961-05-01,United States,,,,,,,87.0,7.1,,,,,,,,,,,,
1961-06-01,United States,,,,,,,86.0,6.9,,,,,,,,,,,,
1961-07-01,United States,,,,,,,87.0,7.0,,,,,,,,,,,,
1961-08-01,United States,,,,,,,88.0,6.6,,,,,,,,,,,,
1961-09-01,United States,,,,,,,88.0,6.7,,,,,,,,,,,,
1961-10-01,United States,,,,,,,96.0,6.5,,,,,,,,,,,,
1961-11-01,United States,,,,,,,98.0,6.1,,,,,,,,,,,,
1961-12-01,United States,,,,,,,102.0,6.0,,,,,,,,,,,,
1962-01-01,United States,,,,,,,106.0,5.8,,,,,,,,,,,,
1962-02-01,United States,,,,,,,111.0,5.5,,,,,,,,,,,,
1962-03-01,United States,,,,,,,113.0,5.6,,,,,,,,,,,,
1962-04-01,United States,,,,,,,118.0,5.6,,,,,,,,,,,,
1962-05-01,United States,,,,,,,117.0,5.5,,,,,,,,,,,,
1962-06-01,United States,,,,,,,119.0,5.5,,,,,,,,,,,,
1962-07-01,United States,,,,,,,117.0,5.4,,,,,,,,,,,,
1962-08-01,United States,,,,,,,114.0,5.7,,,,,,,,,,,,
1962-09-01,United States,,,,,,,123.0,5.6,,,,,,,,,,,,
1962-10-01,United States,,,,,,,124.0,5.4,,,,,,,,,,,,
1962-11-01,United States,,,,,,,126.0,5.7,,,,,,,,,,,,
1962-12-01,United States,,,,,,,126.0,5.5,,,,,,,,,,,,
1963-01-01,United States,,19300.0,591.0,4.7,17800.0,,135.0,5.7,,,,,,,,,,,,
1963-02-01,United States,,19300.0,464.0,6.6,17800.0,,141.0,5.9,,,,,,,,,,,,
1963-03-01,United States,,19300.0,461.0,6.4,17800.0,,138.0,5.7,,,,,,,,,,,,
1963-04-01,United States,,19400.0,605.0,5.3,18000.0,,149.0,5.7,,,,,,,,,,,,
1963-05-01,United States,,19400.0,586.0,5.1,18000.0,,146.0,5.9,,,,,,,,,,,,
1963-06-01,United States,,19400.0,526.0,6.0,18000.0,,150.0,5.6,,,,,,,,,,,,
1963-07-01,United States,,19200.0,665.0,4.6,17900.0,,154.0,5.6,,,,,,,,,,,,
1963-08-01,United States,,19200.0,570.0,5.6,17900.0,,151.0,5.4,,,,,,,,,,,,
1963-09-01,United States,,19200.0,590.0,5.4,17900.0,,153.0,5.5,,,,,,,,,,,,
1963-10-01,United States,,19600.0,567.0,5.9,18500.0,,162.0,5.5,,,,,,,,,,,,
1963-11-01,United States,,19600.0,579.0,5.5,18500.0,,164.0,5.7,,,,,,,,,,,,
1963-12-01,United States,,19600.0,514.0,6.1,18500.0,,167.0,5.5,,,,,,,,,,,,
1964-01-01,United States,,19600.0,549.0,5.8,18500.0,,170.0,5.6,,,,,,,,,,,,
1964-02-01,United States,,19600.0,609.0,5.5,18500.0,,177.0,5.4,,,,,,,,,,,,
1964-03-01,United States,,19600.0,562.0,5.8,18500.0,,187.0,5.4,,,,,,,,,,,,
1964-04-01,United States,,20200.0,559.0,6.0,18900.0,,184.0,5.3,,,,,,,,,,,,
1964-05-01,United States,,20200.0,523.0,6.2,18900.0,,193.0,5.1,,,,,,,,,,,,
1964-06-01,United States,,20200.0,580.0,5.7,18900.0,,193.0,5.2,,,,,,,,,,,,
1964-07-01,United States,,20500.0,575.0,5.5,18900.0,,198.0,4.9,,,,,,,,,,,,
1964-08-01,United States,,20500.0,582.0,5.4,18900.0,,198.0,5.0,,,,,,,,,,,,
1964-09-01,United States,,20500.0,590.0,5.4,18900.0,,199.0,5.1,,,,,,,,,,,,
1964-10-01,United States,,20900.0,583.0,5.3,19400.0,,195.0,5.1,,,,,,,,,,,,
1964-11-01,United States,,20900.0,548.0,5.6,19400.0,,196.0,4.8,,,,,,,,,,,,
1964-12-01,United States,,20900.0,540.0,5.5,19400.0,,189.0,5.0,,,,,,,,,,,,
1965-01-01,United States,,21500.0,533.0,5.6,20200.0,62.9,213.0,4.9,,,,,,,,,,,,
1965-02-01,United States,,21500.0,559.0,5.5,20200.0,62.9,201.0,5.1,,,,,,,,,,,,
1965-03-01,United States,,21500.0,556.0,5.4,20200.0,62.9,208.0,4.7,,,,,,,,,,,,
1965-04-01,United States,,21000.0,555.0,5.6,19800.0,62.9,200.0,4.8,,,,,,,,,,,,
1965-05-01,United States,,21000.0,544.0,5.3,19800.0,62.9,208.0,4.6,,,,,,,,,,,,
1965-06-01,United States,,21000.0,614.0,4.7,19800.0,62.9,215.0,4.6,,,,,,,,,,,,
1965-07-01,United States,,21600.0,554.0,5.2,20200.0,62.9,217.0,4.4,,,,,,,,,,,,
1965-08-01,United States,,21600.0,615.0,4.6,20200.0,62.9,224.0,4.4,,,,,,,,,,,,
1965-09-01,United States,,21600.0,587.0,4.9,20200.0,62.9,225.0,4.3,,,,,,,,,,,,
1965-10-01,United States,,21700.0,555.0,5.0,20300.0,63.4,224.0,4.2,,,,,,,,,,,,
1965-11-01,United States,,21700.0,616.0,4.6,20300.0,63.4,238.0,4.1,,,,,,,,,,,,
1965-12-01,United States,,21700.0,609.0,4.4,20300.0,63.4,217.0,4.0,,,,,,,,,,,,
1966-01-01,United States,,22700.0,599.0,4.7,21000.0,63.5,192.0,4.0,,,,,,,,,,,,
1966-02-01,United States,,22700.0,541.0,4.9,21000.0,63.5,202.0,3.8,,,,,,,,,,,,
1966-03-01,United States,,22700.0,557.0,5.0,21000.0,63.5,232.0,3.8,,,,,,,,,,,,
1966-04-01,United States,,23200.0,545.0,5.1,22100.0,63.2,222.0,3.8,,,,,,,,,,,,
1966-05-01,United States,,23200.0,499.0,5.3,22100.0,63.2,221.0,3.9,,,,,,,,,,,,
1966-06-01,United States,,23200.0,434.0,6.0,22100.0,63.2,226.0,3.8,,,,,,,,,,,,
1966-07-01,United States,,23000.0,435.0,5.9,21500.0,63.3,223.0,3.8,,,,,,,,,,,,
1966-08-01,United States,,23000.0,377.0,6.8,21500.0,63.3,223.0,3.8,,,,,,,,,,,,
1966-09-01,United States,,23000.0,358.0,7.2,21500.0,63.3,211.0,3.7,,,,,,,,,,,,
1966-10-01,United States,,22800.0,387.0,6.3,21400.0,63.8,208.0,3.7,,,,,,,,,,,,
1966-11-01,United States,,22800.0,382.0,6.2,21400.0,63.8,227.0,3.6,,,,,,,,,,,,
1966-12-01,United States,,22800.0,369.0,6.3,21400.0,63.8,207.0,3.8,,,,,,,,,,,,
1967-01-01,United States,,24000.0,416.0,5.7,22300.0,63.3,198.0,3.9,,,,,,,,,,,,
1967-02-01,United States,,24000.0,408.0,5.7,22300.0,63.3,205.0,3.8,,,,,,,,,,,,
1967-03-01,United States,,24000.0,439.0,5.4,22300.0,63.3,211.0,3.8,,,,,,,,,,,,
1967-04-01,United States,,24200.0,479.0,4.9,23300.0,63.9,231.0,3.8,,,,,,,,,,,,
1967-05-01,United States,,24200.0,503.0,4.5,23300.0,63.9,233.0,3.8,,,,,,,,,,,,
1967-06-01,United States,,24200.0,499.0,4.6,23300.0,63.9,240.0,3.9,,,,,,,,,,,,
1967-07-01,United States,,23900.0,515.0,4.4,22500.0,63.8,239.0,3.8,,,,,,,,,,,,
1967-08-01,United States,,23900.0,504.0,4.4,22500.0,63.8,251.0,3.8,,,,,,,,,,,,
1967-09-01,United States,,23900.0,531.0,4.3,22500.0,63.8,258.0,3.8,,,,,,,,,,,,
1967-10-01,United States,,24400.0,566.0,4.1,22900.0,63.5,254.0,4.0,,,,,,,,,,,,
1967-11-01,United States,,24400.0,500.0,4.6,22900.0,63.5,272.0,3.9,,,,,,,,,,,,
1967-12-01,United States,,24400.0,502.0,4.7,22900.0,63.5,287.0,3.8,,,,,,,,,,,,
1968-01-01,United States,,25400.0,494.0,4.7,23900.0,63.6,293.0,3.7,,,,,,,,,,,,
1968-02-01,United States,,25400.0,543.0,4.1,23900.0,63.6,295.0,3.8,,,,,,,,,,,,
1968-03-01,United States,,25400.0,490.0,4.8,23900.0,63.6,299.0,3.7,,,,,,,,,,,,
1968-04-01,United States,,26700.0,501.0,4.9,24900.0,64.1,299.0,3.5,,,,,,,,,,,,
1968-05-01,United States,,26700.0,441.0,5.5,24900.0,64.1,301.0,3.5,,,,,,,,,,,,
1968-06-01,United States,,26700.0,441.0,5.5,24900.0,64.1,303.0,3.7,,,,,,,,,,,,
1968-07-01,United States,,26600.0,493.0,5.1,24800.0,64.1,308.0,3.7,,,,,,,,,,,,
1968-08-01,United States,,26600.0,507.0,5.0,24800.0,64.1,319.0,3.5,,,,,,,,,,,,
1968-09-01,United States,,26600.0,501.0,5.1,24800.0,64.1,317.0,3.4,,,,,,,,,,,,
1968-10-01,United States,,27000.0,502.0,5.2,25600.0,63.6,338.0,3.4,,,,,,,,,,,,
1968-11-01,United States,,27000.0,469.0,5.6,25600.0,63.6,364.0,3.4,,,,,,,,,,,,
1968-12-01,United States,,27000.0,511.0,5.2,25600.0,63.6,372.0,3.4,,,,,,,,,,,,
1969-01-01,United States,,27600.0,480.0,5.5,25700.0,64.1,422.0,3.4,,,,,,,,,,,,
1969-02-01,United States,,27600.0,524.0,4.9,25700.0,64.1,383.0,3.4,,,,,,,,,,,,
1969-03-01,United States,,27600.0,474.0,5.7,25700.0,64.1,412.0,3.4,,,,,,,,,,,,
1969-04-01,United States,,28100.0,450.0,6.0,25900.0,64.4,395.0,3.4,,,,,,,,,,,,
1969-05-01,United States,,28100.0,447.0,6.1,25900.0,64.4,401.0,3.4,,,,,,,,,,,,
1969-06-01,United States,,28100.0,461.0,5.8,25900.0,64.4,403.0,3.5,,,,,,,,,,,,
1969-07-01,United States,,28100.0,436.0,6.3,25900.0,64.4,407.0,3.5,,,,,,,,,,,,
1969-08-01,United States,,28100.0,422.0,6.5,25900.0,64.4,406.0,3.5,,,,,,,,,,,,
1969-09-01,United States,,28100.0,396.0,6.9,25900.0,64.4,410.0,3.7,,,,,,,,,,,,
1969-10-01,United States,,27100.0,401.0,7.0,24900.0,64.4,423.0,3.7,,,,,,,,,,,,
1969-11-01,United States,,27100.0,441.0,6.2,24900.0,64.4,451.0,3.5,,,,,,,,,,,,
1969-12-01,United States,,27100.0,452.0,6.1,24900.0,64.4,399.0,3.5,,,,,,,,,,,,
1970-01-01,United States,,27000.0,461.0,5.5,23900.0,64.3,394.0,3.9,,,,,,,,,,,,
1970-02-01,United States,,27000.0,373.0,7.2,23900.0,64.3,354.0,4.2,,,,,,,,,,,,
1970-03-01,United States,,27000.0,389.0,6.8,23900.0,64.3,372.0,4.4,,,,,,,,,,,,
1970-04-01,United States,,27300.0,445.0,6.0,24400.0,64.0,438.0,4.6,,,,,,,,,,,,
1970-05-01,United States,,27300.0,466.0,5.7,24400.0,64.0,392.0,4.8,,,,,,,,,,,,
1970-06-01,United States,,27300.0,485.0,5.5,24400.0,64.0,377.0,4.9,,,,,,,,,,,,
1970-07-01,United States,,26000.0,481.0,5.4,23000.0,64.4,414.0,5.0,,,,,,,,,,,,
1970-08-01,United States,,26000.0,515.0,5.1,23000.0,64.4,408.0,5.1,,,,,,,,,,,,
1970-09-01,United States,,26000.0,564.0,4.7,23000.0,64.4,415.0,5.4,,,,,,,,,,,,
1970-10-01,United States,,26300.0,545.0,4.8,22600.0,64.0,415.0,5.5,,,,,,,,,,,,
1970-11-01,United States,,26300.0,570.0,4.6,22600.0,64.0,406.0,5.9,,,,,,,,,,,,
1970-12-01,United States,,26300.0,582.0,4.7,22600.0,64.0,414.0,6.1,,,,,,,,,,,,
1971-01-01,United States,,27300.0,618.0,4.3,24300.0,64.0,416.0,5.9,,,,,,,,,,,,
1971-02-01,United States,,27300.0,618.0,4.4,24300.0,64.0,422.0,5.9,,,,,,,,,,,,
1971-03-01,United States,,27300.0,681.0,4.0,24300.0,64.0,432.0,6.0,,,,,,,,,,,,
1971-04-01,United States,,28600.0,662.0,4.2,25800.0,64.1,460.0,5.9,,,,,,,,,,,,
1971-05-01,United States,,28600.0,618.0,4.6,25800.0,64.1,486.0,5.9,,,,,,,,,,,,
1971-06-01,United States,,28600.0,646.0,4.7,25800.0,64.1,506.0,5.9,,,,,,,,,,,,
1971-07-01,United States,,28300.0,706.0,4.1,25300.0,64.4,526.0,6.0,,,,,,,,,,,,
1971-08-01,United States,,28300.0,659.0,4.7,25300.0,64.4,534.0,6.1,,,,,,,,,,,,
1971-09-01,United States,,28300.0,625.0,5.2,25300.0,64.4,550.0,6.0,,,,,,,,,,,,
1971-10-01,United States,,28200.0,647.0,5.0,25500.0,64.5,543.0,5.8,,,,,,,,,,,,
1971-11-01,United States,,28200.0,710.0,4.9,25500.0,64.5,504.0,6.0,,,,,,,,,,,,
1971-12-01,United States,,28200.0,689.0,5.1,25500.0,64.5,526.0,6.0,,,,,,,,,,,,
1972-01-01,United States,,29000.0,698.0,5.2,26200.0,64.3,565.0,5.8,,,,,,,,,,,,
1972-02-01,United States,,29000.0,711.0,5.4,26200.0,64.3,576.0,5.7,,,,,,,,,,,,
1972-03-01,United States,,29000.0,640.0,6.1,26200.0,64.3,578.0,5.8,,,,,,,,,,,,
1972-04-01,United States,,29400.0,684.0,5.8,26800.0,64.5,590.0,5.7,,,,,,,,,,,,
1972-05-01,United States,,29400.0,677.0,6.1,26800.0,64.5,563.0,5.7,,,,,,,,,,,,
1972-06-01,United States,,29400.0,687.0,6.3,26800.0,64.5,570.0,5.7,,,,,,,,,,,,
1972-07-01,United States,,30300.0,681.0,6.3,27900.0,64.3,567.0,5.6,,,,,,,,,,,,
1972-08-01,United States,,30300.0,773.0,6.0,27900.0,64.3,547.0,5.6,,,,,,,,,,,,
1972-09-01,United States,,30300.0,767.0,6.2,27900.0,64.3,514.0,5.5,,,,,,,,,,,,
1972-10-01,United States,,31600.0,843.0,5.7,29200.0,64.4,594.0,5.6,,,,,,,,,,,,
1972-11-01,United States,,31600.0,735.0,6.8,29200.0,64.4,661.0,5.3,,,,,,,,,,,,
1972-12-01,United States,,31600.0,772.0,6.5,29200.0,64.4,635.0,5.2,,,,,,,,,,,,
1973-01-01,United States,,32800.0,781.0,6.5,30200.0,64.9,668.0,4.9,,,,,,,,,,,,
1973-02-01,United States,,32800.0,737.0,6.8,30200.0,64.9,651.0,5.0,,,,,,,,,,,,
1973-03-01,United States,,32800.0,725.0,7.0,30200.0,64.9,686.0,4.9,,,,,,,,,,,,
1973-04-01,United States,,35100.0,661.0,7.7,32700.0,64.4,637.0,5.0,,,,,,,,,,,,
1973-05-01,United States,,35100.0,660.0,7.5,32700.0,64.4,604.0,4.9,,,,,,,,,,,,
1973-06-01,United States,,35100.0,650.0,7.8,32700.0,64.4,583.0,4.9,,,,,,,,,,,,
1973-07-01,United States,,35900.0,601.0,8.7,33500.0,64.4,561.0,4.8,,,,,,,,,,,,
1973-08-01,United States,,35900.0,566.0,9.4,33500.0,64.4,543.0,4.8,,,,,,,,,,,,
1973-09-01,United States,,35900.0,561.0,9.5,33500.0,64.4,526.0,4.8,,,,,,,,,,,,
1973-10-01,United States,,36600.0,565.0,9.4,34000.0,64.4,500.0,4.6,,,,,,,,,,,,
1973-11-01,United States,,36600.0,547.0,9.6,34000.0,64.4,526.0,4.8,,,,,,,,,,,,
1973-12-01,United States,,36600.0,519.0,10.1,34000.0,64.4,484.0,4.9,,,,,,,,,,,,
1974-01-01,United States,,38000.0,523.0,9.7,35200.0,64.8,454.0,5.1,,,,,,,,,,,,
1974-02-01,United States,,38000.0,539.0,9.6,35200.0,64.8,414.0,5.2,,,,,,,,,,,,
1974-03-01,United States,,38000.0,572.0,8.8,35200.0,64.8,410.0,5.1,,,,,,,,,,,,
1974-04-01,United States,,38600.0,544.0,9.1,35600.0,64.8,386.0,5.1,,,,,,,,,,,,
1974-05-01,United States,,38600.0,590.0,8.0,35600.0,64.8,382.0,5.1,,,,,,,,,,,,
1974-06-01,United States,,38600.0,534.0,8.9,35600.0,64.8,384.0,5.4,,,,,,,,,,,,
1974-07-01,United States,,39000.0,534.0,8.8,36200.0,64.6,340.0,5.5,,,,,,,,,,,,
1974-08-01,United States,,39000.0,492.0,9.3,36200.0,64.6,313.0,5.5,,,,,,,,,,,,
1974-09-01,United States,,39000.0,511.0,9.1,36200.0,64.6,280.0,5.9,,,,,,,,,,,,
1974-10-01,United States,,39300.0,448.0,9.8,37200.0,64.4,246.0,6.0,,,,,,,,,,,,
1974-11-01,United States,,39300.0,450.0,9.7,37200.0,64.4,229.0,6.6,,,,,,,,,,,,
1974-12-01,United States,,39300.0,417.0,10.3,37200.0,64.4,217.0,7.2,,,,,,,,,,,,
1975-01-01,United States,39500.0,40900.0,416.0,9.9,38100.0,64.4,191.0,8.1,,,,,,,,,,,,
1975-02-01,United States,40600.0,40900.0,422.0,10.4,38100.0,64.4,220.0,8.1,,,,,,,,,,,,
1975-03-01,United States,42100.0,40900.0,477.0,8.9,38100.0,64.4,195.0,8.6,,,,,,,,,,,,
1975-04-01,United States,42000.0,42600.0,543.0,7.2,39000.0,64.9,192.0,8.8,,,,,,,,,,,,
1975-05-01,United States,43200.0,42600.0,579.0,6.8,39000.0,64.9,203.0,9.0,,,,,,,,,,,,
1975-06-01,United States,42500.0,42600.0,557.0,7.2,39000.0,64.9,201.0,8.8,,,,,,,,,,,,
1975-07-01,United States,42300.0,42200.0,569.0,7.0,38800.0,64.6,213.0,8.6,,,,,,,,,,,,
1975-08-01,United States,41200.0,42200.0,566.0,6.8,38800.0,64.6,220.0,8.4,,,,,,,,,,,,
1975-09-01,United States,43400.0,42200.0,556.0,7.3,38800.0,64.6,223.0,8.4,,,,,,,,,,,,
1975-10-01,United States,43900.0,44400.0,609.0,6.6,41200.0,64.5,235.0,8.4,,,,,,,,,,,,
1975-11-01,United States,43700.0,44400.0,680.0,5.8,41200.0,64.5,242.0,8.3,,,,,,,,,,,,
1975-12-01,United States,45900.0,44400.0,669.0,5.8,41200.0,64.5,227.0,8.2,,,,,,,,,,,,
1976-01-01,United States,45300.0,46000.0,603.0,6.4,42800.0,64.6,260.0,7.9,,,,,,,,,,,,
1976-02-01,United States,45900.0,46000.0,644.0,5.9,42800.0,64.6,281.0,7.7,,,,,,,,,,,,
1976-03-01,United States,46800.0,46000.0,591.0,6.8,42800.0,64.6,244.0,7.6,,,,,,,,,,,,
1976-04-01,United States,46800.0,47800.0,611.0,6.4,44200.0,64.6,238.0,7.7,,,,,,,,,,,,
1976-05-01,United States,47500.0,47800.0,570.0,7.0,44200.0,64.6,246.0,7.4,,,,,,,,,,,,
1976-06-01,United States,49200.0,47800.0,591.0,6.9,44200.0,64.6,231.0,7.6,,,,,,,,,,,,
1976-07-01,United States,48000.0,48100.0,664.0,6.4,44400.0,64.9,221.0,7.8,,,,,,,,,,,,
1976-08-01,United States,48500.0,48100.0,648.0,6.2,44400.0,64.9,242.0,7.8,,,,,,,,,,,,
1976-09-01,United States,48200.0,48100.0,696.0,6.2,44400.0,64.9,248.0,7.6,,,,,,,,,,,,
1976-10-01,United States,50400.0,50300.0,708.0,5.8,45500.0,64.8,263.0,7.7,,,,,,,,,,,,
1976-11-01,United States,50000.0,50300.0,735.0,6.0,45500.0,64.8,247.0,7.8,,,,,,,,,,,,
1976-12-01,United States,50600.0,50300.0,767.0,5.6,45500.0,64.8,248.0,7.8,,,,,,,,,,,,
1977-01-01,United States,50700.0,51600.0,825.0,5.3,46300.0,64.8,251.0,7.5,,,,,,,,,,,,
1977-02-01,United States,52600.0,51600.0,839.0,5.1,46300.0,64.8,256.0,7.6,,,,,,,,,,,,
1977-03-01,United States,51600.0,51600.0,872.0,5.0,46300.0,64.8,270.0,7.4,,,,,,,,,,,,
1977-04-01,United States,54600.0,54300.0,799.0,5.5,48900.0,64.5,231.0,7.2,,,,,,,,,,,,
1977-05-01,United States,54400.0,54300.0,807.0,5.4,48900.0,64.5,239.0,7.0,,,,,,,,,,,,
1977-06-01,United States,53900.0,54300.0,805.0,5.5,48900.0,64.5,254.0,7.2,,,,,,,,,,,,
1977-07-01,United States,53600.0,54000.0,755.0,6.1,48800.0,65.0,225.0,6.9,,,,,,,,,,,,
1977-08-01,United States,54300.0,54000.0,808.0,5.8,48800.0,65.0,277.0,7.0,,,,,,,,,,,,
1977-09-01,United States,53900.0,54000.0,842.0,5.9,48800.0,65.0,286.0,6.8,,,,,,,,,,,,
1977-10-01,United States,57200.0,57500.0,819.0,6.1,51600.0,64.9,291.0,6.8,,,,,,,,,,,,
1977-11-01,United States,57800.0,57500.0,829.0,6.0,51600.0,64.9,292.0,6.8,,,,,,,,,,,,
1977-12-01,United States,57600.0,57500.0,835.0,6.0,51600.0,64.9,301.0,6.4,,,,,,,,,,,,
1978-01-01,United States,58500.0,59300.0,795.0,5.9,53000.0,64.8,293.0,6.4,,,,,,,,,,,,
1978-02-01,United States,59100.0,59300.0,791.0,6.3,53000.0,64.8,275.0,6.3,,,,,,,,,,,,
1978-03-01,United States,59900.0,59300.0,814.0,6.1,53000.0,64.8,277.0,6.3,,,,,,,,,,,,
1978-04-01,United States,59300.0,61600.0,864.0,5.8,55300.0,64.4,267.0,6.1,,,,,,,,,,,,
1978-05-01,United States,62300.0,61600.0,857.0,5.9,55300.0,64.4,276.0,6.0,,,,,,,,,,,,
1978-06-01,United States,63200.0,61600.0,834.0,6.2,55300.0,64.4,275.0,5.9,,,,,,,,,,,,
1978-07-01,United States,62900.0,63500.0,789.0,6.6,56100.0,65.2,263.0,6.2,,,,,,,,,,,,
1978-08-01,United States,63000.0,63500.0,756.0,6.6,56100.0,65.2,268.0,5.9,,,,,,,,,,,,
1978-09-01,United States,64400.0,63500.0,812.0,5.9,56100.0,65.2,276.0,6.0,,,,,,,,,,,,
1978-10-01,United States,65700.0,66400.0,872.0,5.7,59000.0,65.4,275.0,5.8,,,,,,,,,,,,
1978-11-01,United States,66300.0,66400.0,798.0,6.5,59000.0,65.4,278.0,5.9,,,,,,,,,,,,
1978-12-01,United States,67400.0,66400.0,805.0,6.1,59000.0,65.4,296.0,6.0,,,,,,,,,,,,
1979-01-01,United States,67700.0,68300.0,754.0,6.6,60600.0,64.8,280.0,5.9,,,,,,,,,,,,
1979-02-01,United States,68700.0,68300.0,723.0,6.8,60600.0,64.8,274.0,5.9,,,,,,,,,,,,
1979-03-01,United States,68500.0,68300.0,793.0,6.6,60600.0,64.8,274.0,5.8,,,,,,,,,,,,
1979-04-01,United States,71000.0,72400.0,748.0,6.8,63100.0,64.9,286.0,5.8,,,,,,,,,,,,
1979-05-01,United States,71800.0,72400.0,727.0,7.1,63100.0,64.9,286.0,5.6,,,,,,,,,,,,
1979-06-01,United States,74300.0,72400.0,700.0,7.4,63100.0,64.9,295.0,5.7,,,,,,,,,,,,
1979-07-01,United States,71900.0,74200.0,715.0,7.1,64700.0,65.8,291.0,5.7,,,,,,,,,,,,
1979-08-01,United States,74000.0,74200.0,729.0,6.9,64700.0,65.8,288.0,6.0,,,,,,,,,,,,
1979-09-01,United States,76800.0,74200.0,727.0,7.4,64700.0,65.8,269.0,5.9,,,,,,,,,,,,
1979-10-01,United States,71500.0,72700.0,670.0,7.4,62600.0,65.4,279.0,6.0,,,,,,,,,,,,
1979-11-01,United States,74200.0,72700.0,597.0,8.3,62600.0,65.4,255.0,5.9,,,,,,,,,,,,
1979-12-01,United States,72600.0,72700.0,559.0,8.6,62600.0,65.4,232.0,6.0,,,,,,,,,,,,
1980-01-01,United States,72400.0,73600.0,592.0,7.9,63700.0,65.5,269.0,6.3,,,,,,,,,,,,
1980-02-01,United States,76600.0,73600.0,541.0,8.6,63700.0,65.5,267.0,6.3,,,,,,,,,,,,
1980-03-01,United States,71600.0,73600.0,474.0,9.8,63700.0,65.5,226.0,6.3,,,,,,,,,,,,
1980-04-01,United States,74600.0,74400.0,370.0,11.6,64000.0,65.5,202.0,6.9,,,,,,,,,,,,
1980-05-01,United States,72800.0,74400.0,469.0,9.2,64000.0,65.5,169.0,7.5,,,,,,,,,,,,
1980-06-01,United States,75600.0,74400.0,552.0,7.6,64000.0,65.5,169.0,7.6,,,,,,,,,,,,
1980-07-01,United States,76700.0,77500.0,636.0,6.5,64900.0,65.8,204.0,7.8,,,,,,,,,,,,
1980-08-01,United States,76000.0,77500.0,659.0,6.0,64900.0,65.8,213.0,7.7,,,,,,,,,,,,
1980-09-01,United States,80100.0,77500.0,596.0,7.3,64900.0,65.8,235.0,7.5,,,,,,,,,,,,
1980-10-01,United States,77500.0,80000.0,561.0,7.3,66400.0,65.5,241.0,7.5,,,,,,,,,,,,
1980-11-01,United States,81800.0,80000.0,562.0,7.4,66400.0,65.5,244.0,7.5,,,,,,,,,,,,
1980-12-01,United States,81400.0,80000.0,532.0,7.6,66400.0,65.5,246.0,7.2,,,,,,,,,,,,
1981-01-01,United States,80700.0,80900.0,511.0,8.0,66800.0,65.6,244.0,7.5,,,,,,,,,,,,
1981-02-01,United States,80000.0,80900.0,510.0,8.1,66800.0,65.6,248.0,7.4,,,,,,,,,,,,
1981-03-01,United States,81600.0,80900.0,514.0,7.7,66800.0,65.6,249.0,7.4,,,,,,,,,,,,
1981-04-01,United States,84700.0,84300.0,470.0,8.6,69400.0,65.3,258.0,7.2,,,,,,,,,,,,
1981-05-01,United States,83600.0,84300.0,467.0,8.4,69400.0,65.3,256.0,7.5,,,,,,,,,,,,
1981-06-01,United States,84700.0,84300.0,415.0,9.2,69400.0,65.3,245.0,7.5,,,,,,,,,,,,
1981-07-01,United States,82600.0,83800.0,431.0,9.0,69200.0,65.6,259.0,7.2,,,,,,,,,,,,
1981-08-01,United States,87000.0,83800.0,378.0,9.8,69200.0,65.6,238.0,7.4,,,,,,,,,,,,
1981-09-01,United States,81300.0,83800.0,338.0,11.3,69200.0,65.6,232.0,7.6,,,,,,,,,,,,
1981-10-01,United States,82500.0,83700.0,356.0,10.3,70400.0,65.2,222.0,7.9,,,,,,,,,,,,
1981-11-01,United States,85300.0,83700.0,382.0,9.1,70400.0,65.2,215.0,8.3,,,,,,,,,,,,
1981-12-01,United States,82800.0,83700.0,457.0,7.1,70400.0,65.2,222.0,8.5,,,,,,,,,,,,
1982-01-01,United States,78000.0,81200.0,368.0,8.9,66400.0,64.8,221.0,8.6,,,,,,,,,,,,
1982-02-01,United States,80700.0,81200.0,365.0,9.2,66400.0,64.8,245.0,8.9,,,,,,,,,,,,
1982-03-01,United States,83700.0,81200.0,374.0,8.7,66400.0,64.8,245.0,9.0,,,,,,,,,,,,
1982-04-01,United States,85000.0,85700.0,339.0,9.4,69600.0,64.9,246.0,9.3,,,,,,,,,,,,
1982-05-01,United States,86500.0,85700.0,384.0,8.3,69600.0,64.9,240.0,9.4,,,,,,,,,,,,
1982-06-01,United States,84900.0,85700.0,370.0,8.3,69600.0,64.9,245.0,9.6,,,,,,,,,,,,
1982-07-01,United States,86500.0,83900.0,375.0,8.2,69300.0,64.9,238.0,9.8,,,,,,,,,,,,
1982-08-01,United States,86500.0,83900.0,407.0,7.1,69300.0,64.9,234.0,9.8,,,,,,,,,,,,
1982-09-01,United States,79600.0,83900.0,481.0,6.7,69300.0,64.9,226.0,10.1,,,,,,,,,,,,
1982-10-01,United States,79900.0,84600.0,480.0,6.2,71600.0,64.5,235.0,10.4,,,,,,,,,,,,
1982-11-01,United States,87800.0,84600.0,554.0,5.4,71600.0,64.5,254.0,10.8,,,,,,,,,,,,
1982-12-01,United States,86700.0,84600.0,521.0,5.8,71600.0,64.5,253.0,10.8,,,,,,,,,,,,
1983-01-01,United States,87200.0,86700.0,582.0,5.4,73300.0,64.7,286.0,10.4,,,,,,,,,,,,
1983-02-01,United States,86800.0,86700.0,562.0,5.6,73300.0,64.7,281.0,10.4,,,,,,,,,,,,
1983-03-01,United States,86200.0,86700.0,596.0,5.4,73300.0,64.7,278.0,10.3,,,,,,,,,,,,
1983-04-01,United States,87600.0,89100.0,638.0,5.1,74900.0,64.7,286.0,10.2,,,,,,,,,,,,
1983-05-01,United States,88800.0,89100.0,664.0,4.9,74900.0,64.7,290.0,10.1,,,,,,,,,,,,
1983-06-01,United States,90900.0,89100.0,651.0,5.3,74900.0,64.7,297.0,10.1,,,,,,,,,,,,
1983-07-01,United States,89200.0,92500.0,606.0,5.8,77400.0,64.8,295.0,9.4,,,,,,,,,,,,
1983-08-01,United States,91300.0,92500.0,572.0,6.2,77400.0,64.8,303.0,9.5,,,,,,,,,,,,
1983-09-01,United States,97800.0,92500.0,608.0,6.2,77400.0,64.8,313.0,9.2,,,,,,,,,,,,
1983-10-01,United States,89500.0,90800.0,632.0,5.6,75900.0,64.4,302.0,8.8,,,,,,,,,,,,
1983-11-01,United States,91400.0,90800.0,644.0,5.8,75900.0,64.4,309.0,8.5,,,,,,,,,,,,
1983-12-01,United States,91700.0,90800.0,773.0,4.7,75900.0,64.4,310.0,8.3,,,,,,,,,,,,
1984-01-01,United States,92200.0,94700.0,691.0,5.3,78200.0,64.6,310.0,8.0,,,,,,,,,,,,
1984-02-01,United States,94400.0,94700.0,696.0,5.1,78200.0,64.6,297.0,7.8,,,,,,,,,,,,
1984-03-01,United States,97700.0,94700.0,641.0,6.1,78200.0,64.6,292.0,7.8,,,,,,,,,,,,
1984-04-01,United States,96200.0,99200.0,639.0,6.0,80700.0,64.6,289.0,7.7,,,,,,,,,,,,
1984-05-01,United States,101900.0,99200.0,615.0,6.7,80700.0,64.6,300.0,7.4,,,,,,,,,,,,
1984-06-01,United States,98800.0,99200.0,630.0,6.6,80700.0,64.6,301.0,7.2,,,,,,,,,,,,
1984-07-01,United States,97100.0,98500.0,619.0,6.7,81000.0,64.6,300.0,7.5,,,,,,,,,,,,
1984-08-01,United States,96900.0,98500.0,567.0,7.5,81000.0,64.6,301.0,7.5,,,,,,,,,,,,
1984-09-01,United States,101300.0,98500.0,662.0,6.5,81000.0,64.6,286.0,7.3,,,,,,,,,,,,
1984-10-01,United States,95700.0,97800.0,687.0,6.0,79900.0,64.1,295.0,7.4,,,,,,,,,,,,
1984-11-01,United States,101400.0,97800.0,597.0,7.2,79900.0,64.1,288.0,7.2,,,,,,,,,,,,
1984-12-01,United States,96300.0,97800.0,597.0,7.3,79900.0,64.1,277.0,7.3,,,,,,,,,,,,
1985-01-01,United States,98300.0,98500.0,645.0,6.7,82800.0,64.1,272.0,7.3,143.48,,,,,,,,,,,
1985-02-01,United States,96200.0,98500.0,682.0,6.5,82800.0,64.1,278.0,7.2,180.07,,,,,,,,,,,
1985-03-01,United States,100900.0,98500.0,671.0,6.4,82800.0,64.1,286.0,7.2,349.85,,,,,,,,,,,
1985-04-01,United States,104700.0,100500.0,620.0,6.9,84300.0,64.1,291.0,7.3,146.42,,,,,,,,,,,
1985-05-01,United States,98100.0,100500.0,678.0,6.4,84300.0,64.1,291.0,7.2,42.12,,,,,,,,,,,
1985-06-01,United States,99600.0,100500.0,722.0,6.0,84300.0,64.1,279.0,7.4,147.89,,,,,,,,,,,
1985-07-01,United States,99400.0,100500.0,766.0,5.6,83200.0,63.9,286.0,7.4,35.29,,,,,,,,,,,
1985-08-01,United States,99200.0,100500.0,726.0,5.8,83200.0,63.9,289.0,7.1,271.24,,,,,,,,,,,
1985-09-01,United States,102600.0,100500.0,678.0,6.3,83200.0,63.9,279.0,7.1,99.99,,,,,,,,,,,
1985-10-01,United States,102700.0,103800.0,655.0,6.4,86800.0,63.5,287.0,7.1,107.03,,,,,,,,,,,
1985-11-01,United States,104100.0,103800.0,733.0,5.9,86800.0,63.5,283.0,7.0,97.56,,,,,,,,,,,
1985-12-01,United States,106100.0,103800.0,721.0,5.8,86800.0,63.5,280.0,7.0,34.84,,,,,,,,,,,
1986-01-01,United States,104100.0,106300.0,733.0,5.7,88000.0,63.6,272.0,6.7,24.7,,,,,,,,,,,
1986-02-01,United States,106600.0,106300.0,728.0,6.0,88000.0,63.6,268.0,7.2,74.3,,,,,,,,,,,
1986-03-01,United States,108000.0,106300.0,880.0,4.7,88000.0,63.6,245.0,7.2,252.0,,,,,,,,,,,
1986-04-01,United States,110300.0,112000.0,857.0,4.7,92100.0,63.8,253.0,7.1,63.36,,,,,,,,,,,
1986-05-01,United States,114600.0,112000.0,789.0,5.2,92100.0,63.8,243.0,7.2,35.48,,,,,,,,,,,
1986-06-01,United States,110900.0,112000.0,728.0,5.7,92100.0,63.8,235.0,7.2,136.4,,,,,,,,,,,
1986-07-01,United States,116800.0,114400.0,698.0,6.1,93000.0,63.8,236.0,7.0,185.22,,,,,,,,,,,
1986-08-01,United States,113200.0,114400.0,621.0,7.0,93000.0,63.8,232.0,6.9,319.61,,,,,,,,,,,
1986-09-01,United States,114000.0,114400.0,763.0,5.8,93000.0,63.8,239.0,7.0,161.13,,,,,,,,,,,
1986-10-01,United States,114900.0,115600.0,669.0,6.5,95000.0,63.9,237.0,7.0,136.91,,,,,,,,,,,
1986-11-01,United States,113600.0,115600.0,707.0,6.1,95000.0,63.9,234.0,6.9,122.26,,,,,,,,,,,
1986-12-01,United States,118900.0,115600.0,784.0,5.5,95000.0,63.9,247.0,6.6,199.83,,,,,,,,,,,
1987-01-01,United States,122100.0,120800.0,709.0,6.0,97900.0,63.8,238.0,6.6,27.91,63.733,,,,,,,,,,
1987-02-01,United States,121300.0,120800.0,732.0,6.2,97900.0,63.8,235.0,6.6,26.88,64.133,,,,,,,,,,
1987-03-01,United States,119500.0,120800.0,713.0,6.0,97900.0,63.8,234.0,6.6,22.44,64.468,,,,,,,,,,
1987-04-01,United States,118100.0,126100.0,735.0,6.0,103400.0,63.8,231.0,6.3,109.07,64.972,,,,,,,,,,
1987-05-01,United States,126600.0,126100.0,651.0,6.7,103400.0,63.8,227.0,6.3,18.48,65.547,,,,,,,,,,
1987-06-01,United States,135800.0,126100.0,637.0,6.9,103400.0,63.8,233.0,6.2,90.67,66.218,,,,,,,,,,
1987-07-01,United States,128600.0,129900.0,658.0,6.7,106000.0,64.2,244.0,6.1,57.4,66.78699999999999,,,,,,,,,,
1987-08-01,United States,128500.0,129900.0,657.0,6.8,106000.0,64.2,235.0,6.0,134.13,67.27,,,,,,,,,,
1987-09-01,United States,133500.0,129900.0,666.0,6.8,106000.0,64.2,237.0,5.9,34.9,67.624,,,,,,,,,,
1987-10-01,United States,125800.0,133500.0,650.0,6.8,111500.0,64.1,234.0,6.0,299.16,67.902,,,,,,,,,,
1987-11-01,United States,139200.0,133500.0,625.0,7.0,111500.0,64.1,224.0,5.8,151.01,68.09100000000001,,,,,,,,,,
1987-12-01,United States,136200.0,133500.0,595.0,7.6,111500.0,64.1,218.0,5.7,95.62,68.342,,,,,,,,,,
1988-01-01,United States,144400.0,137900.0,585.0,7.5,110000.0,63.7,199.0,5.7,91.85,68.581,,,,,,,,,,
1988-02-01,United States,137600.0,137900.0,663.0,6.6,110000.0,63.7,211.0,5.7,64.73,68.914,,,,,,,,,,
1988-03-01,United States,133200.0,137900.0,669.0,6.6,110000.0,63.7,215.0,5.7,61.3,69.322,,,,,,,,,,
1988-04-01,United States,135000.0,134800.0,699.0,6.4,110000.0,63.7,218.0,5.4,22.74,69.78699999999999,,,,,,,,,,
1988-05-01,United States,133500.0,134800.0,684.0,6.6,110000.0,63.7,220.0,5.6,116.58,70.407,,,,,,,,,,
1988-06-01,United States,136500.0,134800.0,717.0,6.2,110000.0,63.7,226.0,5.4,74.01,71.067,,,,,,,,,,
1988-07-01,United States,141300.0,141500.0,679.0,6.6,115000.0,64.0,209.0,5.4,96.69,71.686,,,,,,,,,,
1988-08-01,United States,140600.0,141500.0,688.0,6.6,115000.0,64.0,221.0,5.6,80.89,72.186,,,,,,,,,,
1988-09-01,United States,142700.0,141500.0,703.0,6.5,115000.0,64.0,225.0,5.4,72.73,72.574,,,,,,,,,,
1988-10-01,United States,137300.0,140400.0,718.0,6.0,113900.0,63.8,215.0,5.4,104.07,72.822,,,,,,,,,,
1988-11-01,United States,137300.0,140400.0,628.0,7.2,113900.0,63.8,225.0,5.3,61.84,73.064,,,,,,,,,,
1988-12-01,United States,147700.0,140400.0,658.0,6.8,113900.0,63.8,224.0,5.3,72.35,73.278,,,,,,,,,,
1989-01-01,United States,138600.0,144300.0,719.0,6.2,118000.0,63.9,230.0,5.4,59.16,73.617,,,,,,,,,,
1989-02-01,United States,145300.0,144300.0,622.0,7.5,118000.0,63.9,214.0,5.2,14.17,73.968,,,,,,,,,,
1989-03-01,United States,149000.0,144300.0,567.0,8.2,118000.0,63.9,211.0,5.0,12.49,74.41,,,,,,,,,,
1989-04-01,United States,144700.0,146800.0,608.0,7.4,118900.0,63.8,204.0,5.2,183.34,74.867,,,,,,,,,,
1989-05-01,United States,145100.0,146800.0,656.0,7.1,118900.0,63.8,203.0,5.2,49.88,75.295,,,,,,,,,,
1989-06-01,United States,153600.0,146800.0,642.0,7.2,118900.0,63.8,198.0,5.3,101.75,75.695,,,,,,,,,,
1989-07-01,United States,140300.0,150200.0,731.0,6.1,120000.0,64.1,179.0,5.2,122.86,76.04,,,,,,,,,,
1989-08-01,United States,158600.0,150200.0,697.0,6.4,120000.0,64.1,191.0,5.2,34.29,76.271,,,,,,,,,,
1989-09-01,United States,151100.0,150200.0,639.0,7.1,120000.0,64.1,187.0,5.3,80.25,76.421,,,,,,,,,,
1989-10-01,United States,147800.0,151200.0,645.0,6.9,124800.0,63.8,188.0,5.3,40.38,76.488,,,,,,,,,,
1989-11-01,United States,151400.0,151200.0,684.0,6.6,124800.0,63.8,188.0,5.4,132.36,76.521,,,,,,,,,,
1989-12-01,United States,154300.0,151200.0,630.0,7.0,124800.0,63.8,192.0,5.4,304.68,76.498,,,,,,,,,,
1990-01-01,United States,151700.0,149500.0,620.0,7.0,123900.0,64.0,194.0,5.4,127.14,76.527,,,,,,,,,,
1990-02-01,United States,150900.0,149500.0,591.0,7.6,123900.0,64.0,198.0,5.3,51.34,76.587,,,,,,,,,,
1990-03-01,United States,144600.0,149500.0,574.0,7.8,123900.0,64.0,194.0,5.2,10.12,76.79,,,,,,,,,,
1990-04-01,United States,153400.0,151200.0,542.0,8.3,126800.0,63.7,191.0,5.4,71.5,77.038,,,,,,,,,,
1990-05-01,United States,150600.0,151200.0,534.0,8.2,126800.0,63.7,188.0,5.4,47.89,77.296,,,,,,,,,,
1990-06-01,United States,150400.0,151200.0,545.0,7.9,126800.0,63.7,191.0,5.2,71.62,77.505,,,,,,,,,,
1990-07-01,United States,149800.0,145500.0,542.0,7.8,117000.0,64.0,188.0,5.5,34.49,77.56,,,,,,,,,,
1990-08-01,United States,144700.0,145500.0,528.0,8.2,117000.0,64.0,191.0,5.7,108.51,77.479,,,,,,,,,,
1990-09-01,United States,142100.0,145500.0,496.0,8.4,117000.0,64.0,185.0,5.9,154.57,77.22800000000001,,,,,,,,,,
1990-10-01,United States,153000.0,150100.0,465.0,8.7,121500.0,64.1,187.0,5.9,127.02,76.91199999999999,,,,,,,,,,
1990-11-01,United States,143300.0,150100.0,493.0,8.2,121500.0,64.1,180.0,6.2,141.45,76.381,,,,,,,,,,
1990-12-01,United States,153400.0,150100.0,464.0,8.5,121500.0,64.1,170.0,6.3,188.54,75.972,,,,,,,,,,
1991-01-01,United States,148600.0,151100.0,401.0,9.4,120000.0,63.9,164.0,6.4,100.44,75.533,,,,,,,,,,
1991-02-01,United States,147800.0,151100.0,482.0,7.9,120000.0,63.9,153.0,6.6,175.69,75.25,,,,,,,,,,
1991-03-01,United States,156400.0,151100.0,507.0,7.3,120000.0,63.9,160.0,6.8,156.79,75.137,,,,,,,,,,
1991-04-01,United States,150800.0,148200.0,508.0,7.3,119900.0,63.9,172.0,6.7,254.81,75.321,,,,,,,,,,
1991-05-01,United States,145400.0,148200.0,517.0,7.0,119900.0,63.9,174.0,6.9,114.99,75.76899999999999,,,,,,,,,,
1991-06-01,United States,145900.0,148200.0,516.0,7.0,119900.0,63.9,178.0,6.9,96.11,76.258,,,,,,,,,,
1991-07-01,United States,148200.0,145400.0,511.0,7.1,120000.0,64.2,176.0,6.8,259.33,76.517,,,,,,,,,,
1991-08-01,United States,141800.0,145400.0,526.0,6.8,120000.0,64.2,179.0,6.9,147.8,76.594,,,,,,,,,,
1991-09-01,United States,147300.0,145400.0,487.0,7.4,120000.0,64.2,174.0,6.9,145.93,76.579,,,,,,,,,,
1991-10-01,United States,147400.0,144400.0,524.0,6.7,120000.0,64.2,171.0,7.0,111.26,76.291,,,,,,,,,,
1991-11-01,United States,141700.0,144400.0,575.0,6.2,120000.0,64.2,171.0,7.0,75.93,76.033,,,,,,,,,,
1991-12-01,United States,143000.0,144400.0,558.0,6.2,120000.0,64.2,175.0,7.3,189.76,75.844,,,,,,,,,,
1992-01-01,United States,144200.0,144500.0,676.0,5.2,119500.0,64.0,183.0,7.3,112.98,75.706,,,,,,,,,,
1992-02-01,United States,144800.0,144500.0,639.0,4.9,119500.0,64.0,187.0,7.4,74.29,75.661,,,,,,,,,,
1992-03-01,United States,144800.0,144500.0,553.0,6.1,119500.0,64.0,195.0,7.4,144.18,75.82,,,,,,,,,,
1992-04-01,United States,145000.0,145300.0,546.0,6.1,120000.0,63.9,196.0,7.4,75.3,76.086,,,,,,,,,,
1992-05-01,United States,146000.0,145300.0,554.0,6.0,120000.0,63.9,197.0,7.6,173.33,76.404,,,,,,,,,,
1992-06-01,United States,146600.0,145300.0,596.0,5.6,120000.0,63.9,196.0,7.8,100.73,76.608,,,,,,,,,,
1992-07-01,United States,137700.0,141700.0,627.0,5.3,120000.0,64.3,215.0,7.7,44.54,76.717,,,,,,,,,,
1992-08-01,United States,145300.0,141700.0,636.0,5.2,120000.0,64.3,207.0,7.6,114.86,76.737,,,,,,,,,,
1992-09-01,United States,142200.0,141700.0,650.0,5.0,120000.0,64.3,221.0,7.6,174.33,76.634,,,,,,,,,,
1992-10-01,United States,148400.0,147200.0,621.0,5.1,126000.0,64.4,232.0,7.3,180.1,76.604,,,,,,,,,,
1992-11-01,United States,147200.0,147200.0,614.0,5.4,126000.0,64.4,241.0,7.4,61.29,76.585,,,,,,,,,,
1992-12-01,United States,146200.0,147200.0,650.0,5.0,126000.0,64.4,253.0,7.4,44.44,76.47,,,,,,,,,,
1993-01-01,United States,138900.0,144700.0,596.0,5.4,125000.0,64.2,248.0,7.3,134.64,76.40100000000001,,,,,,,,,,
1993-02-01,United States,149400.0,144700.0,604.0,5.3,125000.0,64.2,248.0,7.1,275.77,76.334,,,,,,,,,,
1993-03-01,United States,146600.0,144700.0,602.0,5.4,125000.0,64.2,241.0,7.0,106.73,76.389,,,,,,,,,,
1993-04-01,United States,148400.0,148900.0,701.0,4.7,127000.0,64.4,241.0,7.1,79.74,76.667,,,,,,,,,,
1993-05-01,United States,152300.0,148900.0,626.0,5.3,127000.0,64.4,240.0,7.1,234.33,77.036,,,,,,,,,,
1993-06-01,United States,145700.0,148900.0,653.0,5.2,127000.0,64.4,246.0,7.0,206.72,77.52199999999999,,,,,,,,,,
1993-07-01,United States,143400.0,148000.0,655.0,5.3,127000.0,64.7,253.0,6.9,185.92,77.892,,,,,,,,,,
1993-08-01,United States,150600.0,148000.0,645.0,5.5,127000.0,64.7,256.0,6.8,46.81,78.137,,,,,,,,,,
1993-09-01,United States,150100.0,148000.0,726.0,4.9,127000.0,64.7,263.0,6.7,51.6,78.204,,,,,,,,,,
1993-10-01,United States,146900.0,148300.0,704.0,5.0,127000.0,64.6,266.0,6.8,115.91,78.178,,,,,,,,,,
1993-11-01,United States,152500.0,148300.0,769.0,4.8,127000.0,64.6,275.0,6.6,65.9,78.176,,,,,,,,,,
1993-12-01,United States,146400.0,148300.0,812.0,4.5,127000.0,64.6,281.0,6.5,38.51,78.12,,,,,,,,,,
1994-01-01,United States,153400.0,153600.0,619.0,5.9,130000.0,63.8,296.0,6.6,88.68,78.205,,,,,,,,,,
1994-02-01,United States,150700.0,153600.0,686.0,5.0,130000.0,63.8,293.0,6.6,106.63,78.211,,,,,,,,,,
1994-03-01,United States,152800.0,153600.0,747.0,4.8,130000.0,63.8,298.0,6.5,179.21,78.355,,,,,,,,,,
1994-04-01,United States,152900.0,154200.0,692.0,5.2,130000.0,63.8,294.0,6.4,29.66,78.707,,,,,,,,,,
1994-05-01,United States,151800.0,154200.0,691.0,5.3,130000.0,63.8,297.0,6.1,42.54,79.214,,,,,,,,,,
1994-06-01,United States,158400.0,154200.0,621.0,6.2,130000.0,63.8,299.0,6.1,86.25,79.706,,,,,,,,,,
1994-07-01,United States,144400.0,152800.0,628.0,6.3,129700.0,64.1,301.0,6.1,114.02,80.068,,,,,,,,,,
1994-08-01,United States,154900.0,152800.0,656.0,6.1,129700.0,64.1,303.0,6.0,31.54,80.322,,,,,,,,,,
1994-09-01,United States,157200.0,152800.0,677.0,6.0,129700.0,64.1,305.0,5.9,66.93,80.346,,,,,,,,,,
1994-10-01,United States,153000.0,156100.0,715.0,5.6,132000.0,64.2,315.0,5.8,92.09,80.311,,,,,,,,,,
1994-11-01,United States,155400.0,156100.0,646.0,6.3,132000.0,64.2,317.0,5.6,240.11,80.176,,,,,,,,,,
1994-12-01,United States,159600.0,156100.0,629.0,6.6,132000.0,64.2,343.0,5.5,99.28,80.085,,,,,,,,,,
1995-01-01,United States,147400.0,153500.0,626.0,6.8,130000.0,64.2,348.0,5.6,289.84,80.033,,,,,,,,,,
1995-02-01,United States,160200.0,153500.0,559.0,7.3,130000.0,64.2,329.0,5.4,118.81,79.998,,,,,,,,,,
1995-03-01,United States,153300.0,153500.0,616.0,6.8,130000.0,64.2,325.0,5.4,120.07,80.084,,,,,,,,,,
1995-04-01,United States,157800.0,158900.0,621.0,6.7,133900.0,64.7,322.0,5.8,80.55,80.375,,,,,,,,,,
1995-05-01,United States,158000.0,158900.0,674.0,6.3,133900.0,64.7,330.0,5.6,44.86,80.697,,,,,,,,,,
1995-06-01,United States,160200.0,158900.0,725.0,5.8,133900.0,64.7,329.0,5.6,58.32,81.074,,,,,,,,,,
1995-07-01,United States,154200.0,157700.0,765.0,5.6,132000.0,65.0,336.0,5.7,30.38,81.418,,,,,,,,,,
1995-08-01,United States,162000.0,157700.0,701.0,6.1,132000.0,65.0,340.0,5.7,26.6,81.661,,,,,,,,,,
1995-09-01,United States,155600.0,157700.0,678.0,6.3,132000.0,65.0,348.0,5.6,33.06,81.745,,,,,,,,,,
1995-10-01,United States,156200.0,160900.0,696.0,6.3,138000.0,65.1,354.0,5.5,70.81,81.733,,,,,,,,,,
1995-11-01,United States,160700.0,160900.0,664.0,6.8,138000.0,65.1,358.0,5.6,75.98,81.637,,,,,,,,,,
1995-12-01,United States,165600.0,160900.0,709.0,6.4,138000.0,65.1,369.0,5.6,257.26,81.52,,,,,,,,,,
1996-01-01,United States,155300.0,161100.0,714.0,6.4,137000.0,65.1,355.0,5.6,168.06,81.434,,,,,,,,,,
1996-02-01,United States,163700.0,161100.0,769.0,5.3,137000.0,65.1,344.0,5.5,42.59,81.406,,,,,,,,,,
1996-03-01,United States,162100.0,161100.0,721.0,6.2,137000.0,65.1,365.0,5.5,116.77,81.672,,,,,,,,,,
1996-04-01,United States,170000.0,166000.0,736.0,6.0,139900.0,65.4,369.0,5.6,61.5,82.131,,,,,,,,,,
1996-05-01,United States,163300.0,166000.0,746.0,5.9,139900.0,65.4,363.0,5.6,176.6,82.60799999999999,,,,,,,,,,
1996-06-01,United States,166500.0,166000.0,721.0,6.0,139900.0,65.4,371.0,5.3,168.99,83.055,,,,,,,,,,
1996-07-01,United States,168400.0,164000.0,770.0,5.7,140000.0,65.6,364.0,5.5,227.28,83.425,,,,,,,,,,
1996-08-01,United States,159700.0,164000.0,826.0,5.0,140000.0,65.6,369.0,5.1,24.17,83.652,,,,,,,,,,
1996-09-01,United States,167400.0,164000.0,770.0,5.2,140000.0,65.6,372.0,5.2,149.9,83.708,,,,,,,,,,
1996-10-01,United States,168400.0,171000.0,720.0,5.6,144100.0,65.4,367.0,5.2,28.4,83.63600000000001,,,,,,,,,,
1996-11-01,United States,172000.0,171000.0,771.0,5.2,144100.0,65.4,358.0,5.4,79.59,83.56299999999999,,,,,,,,,,
1996-12-01,United States,171800.0,171000.0,805.0,5.0,144100.0,65.4,341.0,5.4,74.98,83.49700000000001,,,,,,,,,,
1997-01-01,United States,171900.0,172200.0,830.0,4.7,145000.0,65.4,347.0,5.3,31.65,83.537,,,,,,,,,,
1997-02-01,United States,171100.0,172200.0,801.0,4.5,145000.0,65.4,350.0,5.2,42.14,83.603,,,,,,,,,,
1997-03-01,United States,172700.0,172200.0,831.0,4.1,145000.0,65.4,351.0,5.2,66.14,83.91799999999999,,,,,,,,,,
1997-04-01,United States,179500.0,177200.0,744.0,4.7,145800.0,65.7,365.0,5.1,29.09,84.32799999999999,,,,,,,,,,
1997-05-01,United States,170700.0,177200.0,760.0,4.6,145800.0,65.7,353.0,4.9,31.61,84.87200000000001,,,,,,,,,,
1997-06-01,United States,179400.0,177200.0,793.0,4.4,145800.0,65.7,355.0,5.0,138.46,85.405,,,,,,,,,,
1997-07-01,United States,175500.0,174700.0,805.0,4.4,145000.0,66.0,356.0,4.9,40.88,85.848,,,,,,,,,,
1997-08-01,United States,170700.0,174700.0,815.0,4.3,145000.0,66.0,356.0,4.8,100.22,86.15700000000001,,,,,,,,,,
1997-09-01,United States,177500.0,174700.0,840.0,4.2,145000.0,66.0,354.0,4.9,49.68,86.318,,,,,,,,,,
1997-10-01,United States,172900.0,175400.0,800.0,4.3,144200.0,65.7,351.0,4.7,179.79,86.415,,,,,,,,,,
1997-11-01,United States,175400.0,175400.0,864.0,3.9,144200.0,65.7,352.0,4.6,156.83,86.639,,,,,,,,,,
1997-12-01,United States,175800.0,175400.0,793.0,4.4,144200.0,65.7,354.0,4.7,41.02,86.855,,,,,,,,,,
1998-01-01,United States,178600.0,180000.0,872.0,4.0,152200.0,65.9,361.0,4.6,203.27,87.17,,,,,,,,,,
1998-02-01,United States,181600.0,180000.0,866.0,3.9,152200.0,65.9,370.0,4.6,82.67,87.38,,,,,,,,,,
1998-03-01,United States,178500.0,180000.0,836.0,4.1,152200.0,65.9,370.0,4.7,33.1,87.884,,,,,,,,,,
1998-04-01,United States,176700.0,178800.0,866.0,4.0,149500.0,66.0,369.0,4.3,70.54,88.565,,,,,,,,,,
1998-05-01,United States,183500.0,178800.0,887.0,3.9,149500.0,66.0,372.0,4.4,76.03,89.381,,,,,,,,,,
1998-06-01,United States,175900.0,178800.0,923.0,3.8,149500.0,66.0,366.0,4.5,42.46,90.202,,,,,,,,,,
1998-07-01,United States,179800.0,184300.0,876.0,4.0,153000.0,66.8,380.0,4.5,76.85,90.867,,,,,,,,,,
1998-08-01,United States,186500.0,184300.0,846.0,4.1,153000.0,66.8,371.0,4.5,385.54,91.414,,,,,,,,,,
1998-09-01,United States,182700.0,184300.0,864.0,4.1,153000.0,66.8,373.0,4.6,165.53,91.759,,,,,,,,,,
1998-10-01,United States,182800.0,181500.0,893.0,4.0,153000.0,66.4,379.0,4.5,56.04,92.006,,,,,,,,,,
1998-11-01,United States,178600.0,181500.0,995.0,3.5,153000.0,66.4,389.0,4.4,50.31,92.204,,,,,,,,,,
1998-12-01,United States,183300.0,181500.0,949.0,3.8,153000.0,66.4,382.0,4.4,47.53,92.451,,,,,,,,,,
1999-01-01,United States,182900.0,189100.0,875.0,3.9,157400.0,66.7,390.0,4.3,149.1,92.721,,,,,,,,,,
1999-02-01,United States,191400.0,189100.0,848.0,4.0,157400.0,66.7,381.0,4.4,68.46,92.988,,,,,,,,,,
1999-03-01,United States,189300.0,189100.0,863.0,4.1,157400.0,66.7,383.0,4.2,48.21,93.618,,,,,,,,,,
1999-04-01,United States,192200.0,191800.0,918.0,3.9,158700.0,66.6,368.0,4.3,34.44,94.443,,,,,,,,,,
1999-05-01,United States,187900.0,191800.0,888.0,4.0,158700.0,66.6,365.0,4.2,53.14,95.368,,,,,,,,,,
1999-06-01,United States,193900.0,191800.0,923.0,3.9,158700.0,66.6,355.0,4.3,66.53,96.371,,,,,,,,,,
1999-07-01,United States,189100.0,193000.0,900.0,4.0,159100.0,67.0,336.0,4.3,34.65,97.2,,,,,,,,,,
1999-08-01,United States,193100.0,193000.0,893.0,4.0,159100.0,67.0,340.0,4.2,25.47,97.905,,,,,,,,,,
1999-09-01,United States,194800.0,193000.0,826.0,4.5,159100.0,67.0,320.0,4.2,28.29,98.407,,,,,,,,,,
1999-10-01,United States,200200.0,204800.0,872.0,4.2,165300.0,66.9,321.0,4.1,122.43,98.839,,,,,,,,,,
1999-11-01,United States,211500.0,204800.0,863.0,4.3,165300.0,66.9,316.0,4.1,57.28,99.156,,,,,,,,,,
1999-12-01,United States,202100.0,204800.0,873.0,4.3,165300.0,66.9,304.0,4.0,29.57,99.55,,,,,,,,,,
2000-01-01,United States,200300.0,202900.0,873.0,4.3,165300.0,67.1,304.0,4.0,55.95,100.0,,,,,,,,,,
2000-02-01,United States,199200.0,202900.0,856.0,4.3,165300.0,67.1,291.0,4.1,36.19,100.571,,,,,,,,,,
2000-03-01,United States,204900.0,202900.0,900.0,4.3,165300.0,67.1,287.0,4.0,69.33,101.466,,,,,,,,,,
2000-04-01,United States,207300.0,202400.0,841.0,4.4,163200.0,67.2,271.0,3.8,48.25,102.541,1946.0,102274.0,5491.0,2408.0,33522.0,869.0,1031.0,116047.0,,
2000-05-01,United States,200000.0,202400.0,857.0,4.4,163200.0,67.2,265.0,4.0,50.57,103.702,1946.0,102274.0,5491.0,2408.0,33522.0,869.0,1031.0,116047.0,,
2000-06-01,United States,197700.0,202400.0,793.0,4.8,163200.0,67.2,262.0,4.0,47.4,104.856,1946.0,102274.0,5491.0,2408.0,33522.0,869.0,1031.0,116047.0,,
2000-07-01,United States,202200.0,204100.0,887.0,4.1,168800.0,67.7,251.0,4.0,72.25,105.722,1856.0,102896.0,5135.0,2317.0,33201.0,1001.0,1144.0,116482.0,,
2000-08-01,United States,200200.0,204100.0,848.0,4.4,168800.0,67.7,249.0,4.1,26.27,106.522,1856.0,102896.0,5135.0,2317.0,33201.0,1001.0,1144.0,116482.0,,
2000-09-01,United States,208300.0,204100.0,912.0,4.0,168800.0,67.7,231.0,3.9,140.95,107.136,1856.0,102896.0,5135.0,2317.0,33201.0,1001.0,1144.0,116482.0,,
2000-10-01,United States,215100.0,212100.0,933.0,4.0,172900.0,67.5,213.0,3.9,43.8,107.729,1728.0,103646.0,5139.0,2434.0,33635.0,730.0,1154.0,116914.0,,
2000-11-01,United States,210700.0,212100.0,880.0,4.2,172900.0,67.5,196.0,3.9,167.48,108.292,1728.0,103646.0,5139.0,2434.0,33635.0,730.0,1154.0,116914.0,,
2000-12-01,United States,208100.0,212100.0,983.0,3.6,172900.0,67.5,176.0,3.9,266.22,108.792,1728.0,103646.0,5139.0,2434.0,33635.0,730.0,1154.0,116914.0,,
2001-01-01,United States,209000.0,211000.0,936.0,3.8,169800.0,67.5,167.0,4.2,115.77,109.215,1786.0,103456.0,5554.0,2641.0,33552.0,769.0,1104.0,117347.0,,
2001-02-01,United States,211000.0,211000.0,963.0,3.7,169800.0,67.5,180.0,4.2,173.46,109.643,1786.0,103456.0,5554.0,2641.0,33552.0,769.0,1104.0,117347.0,,
2001-03-01,United States,210200.0,211000.0,939.0,3.8,169800.0,67.5,182.0,4.3,40.83,110.394,1786.0,103456.0,5554.0,2641.0,33552.0,769.0,1104.0,117347.0,,
2001-04-01,United States,205500.0,211200.0,909.0,3.9,179000.0,67.7,188.0,4.4,52.21,111.248,1827.0,103411.0,5400.0,2536.0,33430.0,993.0,1258.0,117786.0,,
2001-05-01,United States,211400.0,211200.0,885.0,4.0,179000.0,67.7,191.0,4.3,56.66,112.203,1827.0,103411.0,5400.0,2536.0,33430.0,993.0,1258.0,117786.0,,
2001-06-01,United States,211700.0,211200.0,882.0,4.2,179000.0,67.7,200.0,4.5,62.0,113.273,1827.0,103411.0,5400.0,2536.0,33430.0,993.0,1258.0,117786.0,,
2001-07-01,United States,209300.0,207800.0,880.0,4.2,172500.0,68.1,196.0,4.6,223.69,114.227,1849.0,104228.0,5176.0,2386.0,33223.0,944.0,1375.0,118216.0,,
2001-08-01,United States,207500.0,207800.0,866.0,4.4,172500.0,68.1,199.0,4.9,61.89,114.989,1849.0,104228.0,5176.0,2386.0,33223.0,944.0,1375.0,118216.0,,
2001-09-01,United States,203300.0,207800.0,853.0,4.4,172500.0,68.1,203.0,5.0,336.96,115.465,1849.0,104228.0,5176.0,2386.0,33223.0,944.0,1375.0,118216.0,,
2001-10-01,United States,207100.0,214200.0,871.0,4.3,171100.0,68.0,202.0,5.3,170.72,115.681,1842.0,104698.0,5328.0,2455.0,33468.0,723.0,1315.0,118635.0,,
2001-11-01,United States,206900.0,214200.0,924.0,4.1,171100.0,68.0,199.0,5.5,116.56,115.838,1842.0,104698.0,5328.0,2455.0,33468.0,723.0,1315.0,118635.0,,
2001-12-01,United States,228700.0,214200.0,979.0,3.8,171100.0,68.0,199.0,5.7,181.41,116.055,1842.0,104698.0,5328.0,2455.0,33468.0,723.0,1315.0,118635.0,,
2002-01-01,United States,226900.0,227600.0,880.0,4.2,188700.0,67.8,194.0,5.7,229.05,116.437,1786.0,104719.0,5423.0,2560.0,33707.0,761.0,1200.0,119061.0,,
2002-02-01,United States,226500.0,227600.0,948.0,4.0,188700.0,67.8,186.0,5.7,221.66,116.916,1786.0,104719.0,5423.0,2560.0,33707.0,761.0,1200.0,119061.0,,
2002-03-01,United States,227100.0,227600.0,923.0,4.1,188700.0,67.8,171.0,5.7,138.6,117.929,1786.0,104719.0,5423.0,2560.0,33707.0,761.0,1200.0,119061.0,,
2002-04-01,United States,228100.0,227600.0,936.0,4.3,187200.0,67.6,176.0,5.9,67.62,119.209,1772.0,105276.0,5347.0,2618.0,34119.0,907.0,1229.0,119483.0,,
2002-05-01,United States,226500.0,227600.0,978.0,4.0,187200.0,67.6,173.0,5.8,76.14,120.788,1772.0,105276.0,5347.0,2618.0,34119.0,907.0,1229.0,119483.0,,
2002-06-01,United States,225200.0,227600.0,957.0,4.2,187200.0,67.6,171.0,5.8,129.79,122.333,1772.0,105276.0,5347.0,2618.0,34119.0,907.0,1229.0,119483.0,,
2002-07-01,United States,217800.0,219100.0,956.0,4.2,178100.0,68.0,169.0,5.8,99.31,123.688,1793.0,105527.0,5265.0,2501.0,33813.0,889.0,1218.0,119909.0,,
2002-08-01,United States,221300.0,219100.0,1014.0,4.0,178100.0,68.0,166.0,5.7,64.35,124.73,1793.0,105527.0,5265.0,2501.0,33813.0,889.0,1218.0,119909.0,,
2002-09-01,United States,215300.0,219100.0,1044.0,3.9,178100.0,68.0,162.0,5.7,135.82,125.495,1793.0,105527.0,5265.0,2501.0,33813.0,889.0,1218.0,119909.0,,
2002-10-01,United States,231300.0,232500.0,1006.0,4.0,190100.0,68.3,156.0,5.7,65.57,126.138,1952.0,105759.0,5486.0,2546.0,33572.0,821.0,1249.0,120350.0,,
2002-11-01,United States,227100.0,232500.0,1024.0,4.0,190100.0,68.3,150.0,5.9,99.26,126.643,1952.0,105759.0,5486.0,2546.0,33572.0,821.0,1249.0,120350.0,,
2002-12-01,United States,237800.0,232500.0,1048.0,4.0,190100.0,68.3,144.0,6.0,208.16,127.151,1952.0,105759.0,5486.0,2546.0,33572.0,821.0,1249.0,120350.0,,
2003-01-01,United States,230200.0,233100.0,999.0,4.0,186000.0,68.0,141.0,5.8,126.75,127.652,2002.0,105884.0,5724.0,2572.0,33917.0,830.0,1248.0,120792.0,,
2003-02-01,United States,233400.0,233100.0,936.0,4.5,186000.0,68.0,138.0,5.9,204.15,128.326,2002.0,105884.0,5724.0,2572.0,33917.0,830.0,1248.0,120792.0,,
2003-03-01,United States,231100.0,233100.0,999.0,4.1,186000.0,68.0,128.0,5.9,170.18,129.308,2002.0,105884.0,5724.0,2572.0,33917.0,830.0,1248.0,120792.0,,
2003-04-01,United States,237200.0,241000.0,1012.0,4.1,191800.0,68.0,131.0,6.0,141.38,130.488,2060.0,105989.0,5762.0,2766.0,33901.0,1000.0,1256.0,121233.0,,
2003-05-01,United States,243700.0,241000.0,1078.0,3.9,191800.0,68.0,130.0,6.1,78.81,131.84,2060.0,105989.0,5762.0,2766.0,33901.0,1000.0,1256.0,121233.0,,
2003-06-01,United States,239700.0,241000.0,1193.0,3.5,191800.0,68.0,131.0,6.3,69.28,133.225,2060.0,105989.0,5762.0,2766.0,33901.0,1000.0,1256.0,121233.0,,
2003-07-01,United States,248400.0,248100.0,1168.0,3.6,191900.0,68.4,137.0,6.2,124.04,134.64700000000002,1963.0,106068.0,5631.0,2713.0,33503.0,1078.0,1419.0,121682.0,,
2003-08-01,United States,241000.0,248100.0,1206.0,3.5,191900.0,68.4,129.0,6.1,97.49,135.965,1963.0,106068.0,5631.0,2713.0,33503.0,1078.0,1419.0,121682.0,,
2003-09-01,United States,254500.0,248100.0,1131.0,3.8,191900.0,68.4,128.0,6.1,83.49,137.076,1963.0,106068.0,5631.0,2713.0,33503.0,1078.0,1419.0,121682.0,,
2003-10-01,United States,242800.0,256000.0,1144.0,3.8,198800.0,68.6,126.0,6.0,73.24,137.976,1977.0,106505.0,5690.0,2756.0,33414.0,1019.0,1339.0,122159.0,,
2003-11-01,United States,268300.0,256000.0,1093.0,4.1,198800.0,68.6,125.0,5.8,118.51,138.766,1977.0,106505.0,5690.0,2756.0,33414.0,1019.0,1339.0,122159.0,,
2003-12-01,United States,253900.0,256000.0,1129.0,4.0,198800.0,68.6,126.0,5.7,68.15,139.628,1977.0,106505.0,5690.0,2756.0,33414.0,1019.0,1339.0,122159.0,,
2004-01-01,United States,262100.0,262900.0,1165.0,3.8,212700.0,68.6,122.0,5.7,18.15,140.705,2049.0,106738.0,6006.0,2920.0,33479.0,942.0,1283.0,122632.0,,
2004-02-01,United States,264100.0,262900.0,1159.0,3.7,212700.0,68.6,123.0,5.6,66.03,142.02700000000002,2049.0,106738.0,6006.0,2920.0,33479.0,942.0,1283.0,122632.0,,
2004-03-01,United States,261000.0,262900.0,1276.0,3.6,212700.0,68.6,133.0,5.8,93.16,144.079,2049.0,106738.0,6006.0,2920.0,33479.0,942.0,1283.0,122632.0,,
2004-04-01,United States,269300.0,265300.0,1186.0,4.0,217600.0,69.2,129.0,5.6,43.95,146.18,1983.0,107020.0,5886.0,2827.0,32913.0,1089.0,1272.0,123099.0,,
2004-05-01,United States,260400.0,265300.0,1241.0,3.8,217600.0,69.2,129.0,5.6,25.29,148.336,1983.0,107020.0,5886.0,2827.0,32913.0,1089.0,1272.0,123099.0,,
2004-06-01,United States,263200.0,265300.0,1180.0,3.9,217600.0,69.2,129.0,5.6,111.42,150.52,1983.0,107020.0,5886.0,2827.0,32913.0,1089.0,1272.0,123099.0,,
2004-07-01,United States,279200.0,274000.0,1088.0,4.5,213500.0,69.0,129.0,5.5,70.61,152.338,1976.0,107932.0,5739.0,2725.0,33429.0,1058.0,1333.0,123587.0,,
2004-08-01,United States,272200.0,274000.0,1175.0,4.3,213500.0,69.0,127.0,5.4,26.87,153.815,1976.0,107932.0,5739.0,2725.0,33429.0,1058.0,1333.0,123587.0,,
2004-09-01,United States,269200.0,274000.0,1214.0,4.1,213500.0,69.0,134.0,5.4,37.0,155.109,1976.0,107932.0,5739.0,2725.0,33429.0,1058.0,1333.0,123587.0,,
2004-10-01,United States,289600.0,286300.0,1305.0,3.9,228800.0,69.2,136.0,5.5,133.86,156.3,1940.0,108735.0,5732.0,2629.0,33502.0,910.0,1389.0,124096.0,,
2004-11-01,United States,283200.0,286300.0,1179.0,4.3,228800.0,69.2,135.0,5.4,43.85,157.498,1940.0,108735.0,5732.0,2629.0,33502.0,910.0,1389.0,124096.0,,
2004-12-01,United States,284300.0,286300.0,1242.0,4.1,228800.0,69.2,133.0,5.4,24.36,158.671,1940.0,108735.0,5732.0,2629.0,33502.0,910.0,1389.0,124096.0,,
2005-01-01,United States,283000.0,288500.0,1203.0,4.4,232500.0,69.1,149.0,5.3,83.61,160.131,1996.0,108863.0,5978.0,2721.0,33612.0,925.0,1401.0,124611.0,,
2005-02-01,United States,289100.0,288500.0,1319.0,4.3,232500.0,69.1,138.0,5.4,43.62,161.925,1996.0,108863.0,5978.0,2721.0,33612.0,925.0,1401.0,124611.0,,
2005-03-01,United States,289600.0,288500.0,1328.0,4.1,232500.0,69.1,126.0,5.2,83.11,164.577,1996.0,108863.0,5978.0,2721.0,33612.0,925.0,1401.0,124611.0,,
2005-04-01,United States,289100.0,287800.0,1260.0,4.3,233700.0,68.6,131.0,5.2,148.21,167.00099999999998,1971.0,109057.0,5875.0,2780.0,34260.0,1086.0,1384.0,125118.0,,
2005-05-01,United States,287400.0,287800.0,1286.0,4.2,233700.0,68.6,127.0,5.1,69.66,169.546,1971.0,109057.0,5875.0,2780.0,34260.0,1086.0,1384.0,125118.0,,
2005-06-01,United States,279600.0,287800.0,1274.0,4.3,233700.0,68.6,128.0,5.0,67.14,172.017,1971.0,109057.0,5875.0,2780.0,34260.0,1086.0,1384.0,125118.0,,
2005-07-01,United States,289300.0,294600.0,1389.0,4.2,236400.0,68.8,128.0,5.0,35.3,174.09900000000002,1824.0,109736.0,5479.0,2623.0,34256.0,1207.0,1500.0,125619.0,,
2005-08-01,United States,295000.0,294600.0,1255.0,4.5,236400.0,68.8,124.0,4.9,34.98,175.924,1824.0,109736.0,5479.0,2623.0,34256.0,1207.0,1500.0,125619.0,,
2005-09-01,United States,299600.0,294600.0,1244.0,4.7,236400.0,68.8,136.0,5.0,71.1,177.612,1824.0,109736.0,5479.0,2623.0,34256.0,1207.0,1500.0,125619.0,,
2005-10-01,United States,293600.0,294200.0,1336.0,4.5,243600.0,69.0,194.0,5.0,110.84,178.753,1846.0,110281.0,5682.0,2688.0,34162.0,1072.0,1585.0,126104.0,,
2005-11-01,United States,294400.0,294200.0,1214.0,5.0,243600.0,69.0,210.0,5.0,53.48,179.675,1846.0,110281.0,5682.0,2688.0,34162.0,1072.0,1585.0,126104.0,,
2005-12-01,United States,290200.0,294200.0,1239.0,4.9,243600.0,69.0,183.0,4.9,127.04,180.108,1846.0,110281.0,5682.0,2688.0,34162.0,1072.0,1585.0,126104.0,,
2006-01-01,United States,301000.0,305300.0,1174.0,5.3,247700.0,68.5,163.0,4.7,50.45,180.828,1856.0,110350.0,5896.0,2700.0,34757.0,1081.0,1593.0,126584.0,,
2006-02-01,United States,307900.0,305300.0,1061.0,6.1,247700.0,68.5,146.0,4.8,57.41,181.5,1856.0,110350.0,5896.0,2700.0,34757.0,1081.0,1593.0,126584.0,,
2006-03-01,United States,298800.0,305300.0,1116.0,5.9,247700.0,68.5,135.0,4.7,31.92,182.749,1856.0,110350.0,5896.0,2700.0,34757.0,1081.0,1593.0,126584.0,,
2006-04-01,United States,310300.0,302600.0,1123.0,6.3,246300.0,68.7,126.0,4.7,71.12,183.648,1871.0,110560.0,5845.0,2756.0,34588.0,1198.0,1746.0,127072.0,,
2006-05-01,United States,293900.0,302600.0,1086.0,6.2,246300.0,68.7,122.0,4.6,102.87,184.38,1871.0,110560.0,5845.0,2756.0,34588.0,1198.0,1746.0,127072.0,,
2006-06-01,United States,305000.0,302600.0,1074.0,6.3,246300.0,68.7,116.0,4.6,136.32,184.547,1871.0,110560.0,5845.0,2756.0,34588.0,1198.0,1746.0,127072.0,,
2006-07-01,United States,311300.0,308100.0,965.0,7.3,235600.0,69.0,110.0,4.7,85.5,184.607,1873.0,110779.0,5768.0,2761.0,34359.0,1172.0,1954.0,127548.0,,
2006-08-01,United States,317300.0,308100.0,1035.0,6.7,235600.0,69.0,108.0,4.7,38.02,184.404,1873.0,110779.0,5768.0,2761.0,34359.0,1172.0,1954.0,127548.0,,
2006-09-01,United States,296200.0,308100.0,1016.0,6.7,235600.0,69.0,102.0,4.5,53.98,184.198,1873.0,110779.0,5768.0,2761.0,34359.0,1172.0,1954.0,127548.0,,
2006-10-01,United States,306800.0,299600.0,941.0,7.3,245400.0,68.9,98.0,4.4,38.38,184.053,1920.0,111096.0,5844.0,2775.0,34552.0,1025.0,2121.0,127991.0,,
2006-11-01,United States,291800.0,299600.0,1003.0,6.6,245400.0,68.9,97.0,4.5,110.48,183.63,1920.0,111096.0,5844.0,2775.0,34552.0,1025.0,2121.0,127991.0,,
2006-12-01,United States,301900.0,299600.0,998.0,6.5,245400.0,68.9,97.0,4.4,155.94,183.229,1920.0,111096.0,5844.0,2775.0,34552.0,1025.0,2121.0,127991.0,,
2007-01-01,United States,314600.0,322100.0,891.0,7.2,257400.0,68.4,97.0,4.6,110.31,182.718,1997.0,110715.0,6225.0,2966.0,35031.0,1098.0,2198.0,128439.0,,
2007-02-01,United States,321500.0,322100.0,828.0,7.9,257400.0,68.4,97.0,4.5,50.63,182.471,1997.0,110715.0,6225.0,2966.0,35031.0,1098.0,2198.0,128439.0,,
2007-03-01,United States,329400.0,322100.0,833.0,7.9,257400.0,68.4,98.0,4.4,55.33,182.193,1997.0,110715.0,6225.0,2966.0,35031.0,1098.0,2198.0,128439.0,,
2007-04-01,United States,311700.0,310100.0,887.0,7.4,242200.0,68.2,98.0,4.5,32.94,182.131,2044.0,111342.0,6148.0,2985.0,35390.0,1210.0,2055.0,128888.0,,
2007-05-01,United States,309700.0,310100.0,842.0,7.8,242200.0,68.2,97.0,4.4,42.02,181.885,2044.0,111342.0,6148.0,2985.0,35390.0,1210.0,2055.0,128888.0,,
2007-06-01,United States,306500.0,310100.0,793.0,8.2,242200.0,68.2,98.0,4.6,29.7,181.54,2044.0,111342.0,6148.0,2985.0,35390.0,1210.0,2055.0,128888.0,,
2007-07-01,United States,307100.0,301200.0,778.0,8.3,241800.0,68.2,96.0,4.7,21.01,180.993,1987.0,111251.0,6225.0,3143.0,35436.0,1234.0,2093.0,129300.0,,
2007-08-01,United States,301300.0,301200.0,699.0,9.2,241800.0,68.2,94.0,4.6,65.25,180.234,1987.0,111251.0,6225.0,3143.0,35436.0,1234.0,2093.0,129300.0,,
2007-09-01,United States,292200.0,301200.0,686.0,9.2,241800.0,68.2,93.0,4.7,39.77,179.122,1987.0,111251.0,6225.0,3143.0,35436.0,1234.0,2093.0,129300.0,,
2007-10-01,United States,310100.0,305800.0,727.0,8.5,238400.0,67.8,94.0,4.7,85.65,177.52900000000002,2023.0,111724.0,6346.0,3204.0,36003.0,1020.0,2194.0,129634.0,,
2007-11-01,United States,316800.0,305800.0,641.0,9.4,238400.0,67.8,93.0,4.7,70.77,175.16099999999997,2023.0,111724.0,6346.0,3204.0,36003.0,1020.0,2194.0,129634.0,,
2007-12-01,United States,284400.0,305800.0,619.0,9.6,238400.0,67.8,92.0,5.0,127.28,173.33700000000002,2023.0,111724.0,6346.0,3204.0,36003.0,1020.0,2194.0,129634.0,,
2008-01-01,United States,284600.0,290400.0,627.0,9.3,233900.0,67.8,95.0,5.0,224.7,171.076,2060.0,111326.0,6487.0,3217.0,35859.0,1057.0,2286.0,129968.0,,
2008-02-01,United States,301200.0,290400.0,593.0,9.7,233900.0,67.8,99.0,4.9,142.87,169.19,2060.0,111326.0,6487.0,3217.0,35859.0,1057.0,2286.0,129968.0,,
2008-03-01,United States,287600.0,290400.0,535.0,10.5,233900.0,67.8,93.0,5.1,76.0,167.90200000000002,2060.0,111326.0,6487.0,3217.0,35859.0,1057.0,2286.0,129968.0,,
2008-04-01,United States,314300.0,304200.0,536.0,10.3,235300.0,68.1,92.0,5.0,80.74,167.321,2147.0,111601.0,6563.0,3243.0,35650.0,1148.0,2175.0,130303.0,,
2008-05-01,United States,298200.0,304200.0,504.0,10.7,235300.0,68.1,87.0,5.4,70.58,167.019,2147.0,111601.0,6563.0,3243.0,35650.0,1148.0,2175.0,130303.0,,
2008-06-01,United States,299400.0,304200.0,487.0,10.7,235300.0,68.1,84.0,5.6,84.01,166.53599999999997,2147.0,111601.0,6563.0,3243.0,35650.0,1148.0,2175.0,130303.0,,
2008-07-01,United States,301900.0,285100.0,477.0,10.5,226500.0,67.9,82.0,5.8,65.51,165.713,2032.0,111939.0,6464.0,3368.0,35920.0,1144.0,2230.0,130590.0,,
2008-08-01,United States,265500.0,285100.0,435.0,11.3,226500.0,67.9,79.0,6.1,96.96,164.27700000000002,2032.0,111939.0,6464.0,3368.0,35920.0,1144.0,2230.0,130590.0,,
2008-09-01,United States,287100.0,285100.0,433.0,10.9,226500.0,67.9,75.0,6.1,626.03,161.912,2032.0,111939.0,6464.0,3368.0,35920.0,1144.0,2230.0,130590.0,,
2008-10-01,United States,274000.0,276600.0,393.0,11.6,222500.0,67.5,69.0,6.5,215.88,159.162,2070.0,111823.0,6857.0,3542.0,36358.0,955.0,2228.0,130797.0,,
2008-11-01,United States,290100.0,276600.0,389.0,11.4,222500.0,67.5,66.0,6.8,270.26,156.071,2070.0,111823.0,6857.0,3542.0,36358.0,955.0,2228.0,130797.0,,
2008-12-01,United States,263100.0,276600.0,377.0,11.2,222500.0,67.5,62.0,7.3,208.04,152.54399999999998,2070.0,111823.0,6857.0,3542.0,36358.0,955.0,2228.0,130797.0,,
2009-01-01,United States,245200.0,257000.0,336.0,12.2,208400.0,67.3,57.0,7.8,174.89,149.361,2133.0,111862.0,6987.0,3559.0,36610.0,941.0,2123.0,131001.0,,
2009-02-01,United States,258600.0,257000.0,372.0,10.5,208400.0,67.3,54.0,8.3,204.86,147.61700000000002,2133.0,111862.0,6987.0,3559.0,36610.0,941.0,2123.0,131001.0,,
2009-03-01,United States,259800.0,257000.0,339.0,11.0,208400.0,67.3,50.0,8.7,212.96,146.514,2133.0,111862.0,6987.0,3559.0,36610.0,941.0,2123.0,131001.0,,
2009-04-01,United States,269800.0,273400.0,337.0,10.7,220900.0,67.4,48.0,9.0,130.17,146.942,2009.0,112453.0,6712.0,3531.0,36644.0,1083.0,1921.0,131207.0,,
2009-05-01,United States,274600.0,273400.0,376.0,9.3,220900.0,67.4,48.0,9.4,110.96,148.16899999999998,2009.0,112453.0,6712.0,3531.0,36644.0,1083.0,1921.0,131207.0,,
2009-06-01,United States,274800.0,273400.0,393.0,8.5,220900.0,67.4,46.0,9.5,85.78,149.796,2009.0,112453.0,6712.0,3531.0,36644.0,1083.0,1921.0,131207.0,,
2009-07-01,United States,271100.0,274100.0,411.0,7.9,214300.0,67.6,50.0,9.5,353.57,150.748,2071.0,112381.0,6643.0,3429.0,36439.0,1073.0,2000.0,131375.0,,
2009-08-01,United States,257800.0,274100.0,418.0,7.5,214300.0,67.6,48.0,9.6,49.01,150.668,2071.0,112381.0,6643.0,3429.0,36439.0,1073.0,2000.0,131375.0,,
2009-09-01,United States,290300.0,274100.0,386.0,7.8,214300.0,67.6,48.0,9.8,96.76,149.628,2071.0,112381.0,6643.0,3429.0,36439.0,1073.0,2000.0,131375.0,,
2009-10-01,United States,263800.0,272900.0,396.0,7.4,219000.0,67.2,49.0,10.0,94.64,148.585,2135.0,112485.0,6832.0,3520.0,36948.0,909.0,2100.0,131490.0,,
2009-11-01,United States,274700.0,272900.0,375.0,7.6,219000.0,67.2,51.0,9.9,158.42,147.94,2135.0,112485.0,6832.0,3520.0,36948.0,909.0,2100.0,131490.0,,
2009-12-01,United States,278300.0,272900.0,352.0,8.0,219000.0,67.2,51.0,9.9,158.19,146.666,2135.0,112485.0,6832.0,3520.0,36948.0,909.0,2100.0,131490.0,,
2010-01-01,United States,283400.0,275300.0,345.0,8.1,222900.0,67.1,51.0,9.8,174.05,145.003,2225.0,112500.0,7169.0,3646.0,37020.0,846.0,2007.0,131626.0,,
2010-02-01,United States,284100.0,275300.0,336.0,8.3,222900.0,67.1,53.0,9.8,204.83,143.054,2225.0,112500.0,7169.0,3646.0,37020.0,846.0,2007.0,131626.0,,
2010-03-01,United States,262900.0,275300.0,381.0,7.1,222900.0,67.1,54.0,9.9,89.89,143.596,2225.0,112500.0,7169.0,3646.0,37020.0,846.0,2007.0,131626.0,,
2010-04-01,United States,270500.0,268800.0,422.0,6.2,219500.0,66.9,55.0,9.9,70.76,145.40200000000002,2155.0,112726.0,7150.0,3756.0,37309.0,962.0,1976.0,131749.0,,
2010-05-01,United States,281100.0,268800.0,280.0,9.3,219500.0,66.9,57.0,9.6,221.3,147.037,2155.0,112726.0,7150.0,3756.0,37309.0,962.0,1976.0,131749.0,,
2010-06-01,United States,256700.0,268800.0,305.0,8.3,219500.0,66.9,55.0,9.4,190.92,147.703,2155.0,112726.0,7150.0,3756.0,37309.0,962.0,1976.0,131749.0,,
2010-07-01,United States,252100.0,266000.0,283.0,8.9,224100.0,66.9,52.0,9.4,202.13,147.563,2277.0,112941.0,7120.0,3585.0,37409.0,1006.0,1950.0,131874.0,,
2010-08-01,United States,268800.0,266000.0,282.0,8.8,224100.0,66.9,50.0,9.5,214.97,146.42700000000002,2277.0,112941.0,7120.0,3585.0,37409.0,1006.0,1950.0,131874.0,,
2010-09-01,United States,270800.0,266000.0,317.0,7.6,224100.0,66.9,47.0,9.5,153.17,144.608,2277.0,112941.0,7120.0,3585.0,37409.0,1006.0,1950.0,131874.0,,
2010-10-01,United States,254400.0,278000.0,291.0,8.2,224300.0,66.5,43.0,9.4,298.32,143.128,2399.0,113445.0,7296.0,3629.0,38029.0,850.0,2068.0,131995.0,,
2010-11-01,United States,281700.0,278000.0,287.0,8.2,224300.0,66.5,43.0,9.8,163.66,141.816,2399.0,113445.0,7296.0,3629.0,38029.0,850.0,2068.0,131995.0,,
2010-12-01,United States,291700.0,278000.0,326.0,7.0,224300.0,66.5,40.0,9.3,180.76,140.625,2399.0,113445.0,7296.0,3629.0,38029.0,850.0,2068.0,131995.0,,
2011-01-01,United States,275700.0,268100.0,307.0,7.3,226900.0,66.4,44.0,9.1,114.06,139.032,2241.0,113119.0,7431.0,3889.0,38021.0,844.0,2005.0,132117.0,,
2011-02-01,United States,262800.0,268100.0,270.0,8.1,226900.0,66.4,44.0,9.0,84.82,137.727,2241.0,113119.0,7431.0,3889.0,38021.0,844.0,2005.0,132117.0,,
2011-03-01,United States,260800.0,268100.0,300.0,7.2,226900.0,66.4,46.0,9.0,81.91,137.781,2241.0,113119.0,7431.0,3889.0,38021.0,844.0,2005.0,132117.0,,
2011-04-01,United States,268900.0,267600.0,310.0,6.7,228100.0,65.9,47.0,9.1,75.96,139.156,2312.0,113399.0,7346.0,3869.0,38687.0,1017.0,1959.0,132239.0,,
2011-05-01,United States,262700.0,267600.0,305.0,6.6,228100.0,65.9,49.0,9.0,71.4,140.692,2312.0,113399.0,7346.0,3869.0,38687.0,1017.0,1959.0,132239.0,,
2011-06-01,United States,273100.0,267600.0,301.0,6.6,228100.0,65.9,50.0,9.1,128.68,141.944,2312.0,113399.0,7346.0,3869.0,38687.0,1017.0,1959.0,132239.0,,
2011-07-01,United States,270300.0,263000.0,296.0,6.7,223500.0,66.3,48.0,9.0,320.02,142.342,2332.0,113559.0,7161.0,3839.0,38303.0,1164.0,1862.0,132362.0,,
2011-08-01,United States,259300.0,263000.0,299.0,6.5,223500.0,66.3,50.0,9.0,152.92,141.784,2332.0,113559.0,7161.0,3839.0,38303.0,1164.0,1862.0,132362.0,,
2011-09-01,United States,255400.0,263000.0,304.0,6.3,223500.0,66.3,56.0,9.0,106.29,140.165,2332.0,113559.0,7161.0,3839.0,38303.0,1164.0,1862.0,132362.0,,
2011-10-01,United States,258300.0,259700.0,316.0,6.0,221100.0,66.0,63.0,8.8,106.27,138.405,2187.0,114102.0,7122.0,3607.0,38778.0,914.0,1783.0,132491.0,,
2011-11-01,United States,250000.0,259700.0,328.0,5.7,221100.0,66.0,65.0,8.6,90.16,136.66,2187.0,114102.0,7122.0,3607.0,38778.0,914.0,1783.0,132491.0,,
2011-12-01,United States,262900.0,259700.0,341.0,5.3,221100.0,66.0,58.0,8.5,193.99,135.162,2187.0,114102.0,7122.0,3607.0,38778.0,914.0,1783.0,132491.0,,
2012-01-01,United States,265700.0,278000.0,335.0,5.3,238400.0,65.4,59.0,8.3,92.52,134.162,2199.0,114145.0,7633.0,4053.0,39530.0,848.0,1653.0,132619.0,,
2012-02-01,United States,274000.0,278000.0,366.0,4.8,238400.0,65.4,58.0,8.3,51.9,133.991,2199.0,114145.0,7633.0,4053.0,39530.0,848.0,1653.0,132619.0,,
2012-03-01,United States,283600.0,278000.0,354.0,4.9,238400.0,65.4,57.0,8.2,82.22,135.859,2199.0,114145.0,7633.0,4053.0,39530.0,848.0,1653.0,132619.0,,
2012-04-01,United States,287900.0,282700.0,354.0,4.9,238700.0,65.5,55.0,8.2,111.81,138.466,2413.0,114228.0,7613.0,3930.0,39377.0,1051.0,1595.0,132748.0,,
2012-05-01,United States,280900.0,282700.0,370.0,4.7,238700.0,65.5,54.0,8.2,108.36,141.043,2413.0,114228.0,7613.0,3930.0,39377.0,1051.0,1595.0,132748.0,,
2012-06-01,United States,271800.0,282700.0,360.0,4.8,238700.0,65.5,54.0,8.2,222.24,143.166,2413.0,114228.0,7613.0,3930.0,39377.0,1051.0,1595.0,132748.0,,
2012-07-01,United States,282300.0,294500.0,369.0,4.6,248800.0,65.5,54.0,8.2,109.48,144.281,2271.0,114741.0,7191.0,3808.0,39634.0,1111.0,1476.0,132890.0,,
2012-08-01,United States,305500.0,294500.0,375.0,4.6,248800.0,65.5,54.0,8.1,259.97,144.704,2271.0,114741.0,7191.0,3808.0,39634.0,1111.0,1476.0,132890.0,,
2012-09-01,United States,297700.0,294500.0,385.0,4.5,248800.0,65.5,53.0,7.8,217.0,144.355,2271.0,114741.0,7191.0,3808.0,39634.0,1111.0,1476.0,132890.0,,
2012-10-01,United States,285400.0,297700.0,358.0,4.9,251700.0,65.4,53.0,7.8,141.64,143.96200000000002,2257.0,115125.0,7303.0,3759.0,39854.0,939.0,1499.0,133062.0,,
2012-11-01,United States,290700.0,297700.0,392.0,4.6,251700.0,65.4,54.0,7.7,251.56,143.953,2257.0,115125.0,7303.0,3759.0,39854.0,939.0,1499.0,133062.0,,
2012-12-01,United States,299200.0,297700.0,399.0,4.5,251700.0,65.4,56.0,7.9,249.99,143.86,2257.0,115125.0,7303.0,3759.0,39854.0,939.0,1499.0,133062.0,,
2013-01-01,United States,306900.0,307400.0,446.0,4.0,258400.0,65.0,57.0,8.0,126.24,144.305,2306.0,114778.0,7617.0,3980.0,40178.0,955.0,1611.0,133234.0,,
2013-02-01,United States,312500.0,307400.0,447.0,4.1,258400.0,65.0,59.0,7.7,234.74,145.157,2306.0,114778.0,7617.0,3980.0,40178.0,955.0,1611.0,133234.0,,
2013-03-01,United States,300200.0,307400.0,444.0,4.2,258400.0,65.0,56.0,7.5,154.03,147.957,2306.0,114778.0,7617.0,3980.0,40178.0,955.0,1611.0,133234.0,,
2013-04-01,United States,337000.0,320400.0,441.0,4.4,268100.0,65.0,60.0,7.6,81.56,150.967,2461.0,115244.0,7513.0,3790.0,40337.0,1157.0,1467.0,133408.0,,
2013-05-01,United States,314000.0,320400.0,428.0,4.6,268100.0,65.0,59.0,7.5,66.84,153.857,2461.0,115244.0,7513.0,3790.0,40337.0,1157.0,1467.0,133408.0,,
2013-06-01,United States,306100.0,320400.0,470.0,4.1,268100.0,65.0,61.0,7.5,122.13,156.423,2461.0,115244.0,7513.0,3790.0,40337.0,1157.0,1467.0,133408.0,,
2013-07-01,United States,329900.0,324400.0,375.0,5.5,264800.0,65.3,58.0,7.3,77.62,158.281,2415.0,115415.0,7315.0,3695.0,40097.0,1192.0,1478.0,133593.0,,
2013-08-01,United States,310800.0,324400.0,381.0,5.5,264800.0,65.3,62.0,7.2,101.91,159.388,2415.0,115415.0,7315.0,3695.0,40097.0,1192.0,1478.0,133593.0,,
2013-09-01,United States,321400.0,324400.0,403.0,5.4,264800.0,65.3,65.0,7.2,156.8,159.668,2415.0,115415.0,7315.0,3695.0,40097.0,1192.0,1478.0,133593.0,,
2013-10-01,United States,335700.0,334400.0,444.0,4.9,273600.0,65.2,63.0,7.2,67.75,159.554,2388.0,115712.0,7392.0,3780.0,40284.0,997.0,1597.0,133799.0,,
2013-11-01,United States,335600.0,334400.0,446.0,5.0,273600.0,65.2,62.0,6.9,93.59,159.364,2388.0,115712.0,7392.0,3780.0,40284.0,997.0,1597.0,133799.0,,
2013-12-01,United States,321200.0,334400.0,433.0,5.2,273600.0,65.2,61.0,6.7,130.03,159.281,2388.0,115712.0,7392.0,3780.0,40284.0,997.0,1597.0,133799.0,,
2014-01-01,United States,337300.0,331400.0,443.0,5.1,275200.0,64.8,57.0,6.6,44.12,159.368,2299.0,115552.0,7587.0,3915.0,40636.0,1028.0,1532.0,134005.0,,
2014-02-01,United States,325900.0,331400.0,420.0,5.3,275200.0,64.8,61.0,6.7,71.2,159.869,2299.0,115552.0,7587.0,3915.0,40636.0,1028.0,1532.0,134005.0,,
2014-03-01,United States,331500.0,331400.0,405.0,5.6,275200.0,64.8,62.0,6.7,45.06,161.185,2299.0,115552.0,7587.0,3915.0,40636.0,1028.0,1532.0,134005.0,,
2014-04-01,United States,325100.0,340600.0,403.0,5.7,288000.0,64.7,63.0,6.2,35.13,162.964,2444.0,115992.0,7758.0,4004.0,40976.0,1129.0,1435.0,134212.0,,
2014-05-01,United States,323500.0,340600.0,451.0,5.2,288000.0,64.7,64.0,6.3,62.38,164.678,2444.0,115992.0,7758.0,4004.0,40976.0,1129.0,1435.0,134212.0,,
2014-06-01,United States,338100.0,340600.0,418.0,5.7,288000.0,64.7,63.0,6.1,43.97,166.207,2444.0,115992.0,7758.0,4004.0,40976.0,1129.0,1435.0,134212.0,,
2014-07-01,United States,345200.0,340400.0,402.0,6.2,281000.0,64.4,68.0,6.2,87.58,167.13099999999997,2300.0,116253.0,7636.0,3934.0,41407.0,1167.0,1380.0,134423.0,,
2014-08-01,United States,356200.0,340400.0,456.0,5.4,281000.0,64.4,67.0,6.1,31.79,167.446,2300.0,116253.0,7636.0,3934.0,41407.0,1167.0,1380.0,134423.0,,
2014-09-01,United States,319100.0,340400.0,470.0,5.4,281000.0,64.4,67.0,5.9,41.03,167.236,2300.0,116253.0,7636.0,3934.0,41407.0,1167.0,1380.0,134423.0,,
2014-10-01,United States,377500.0,369400.0,476.0,5.3,298900.0,64.0,67.0,5.7,103.08,166.90400000000002,1942.0,117686.0,7126.0,3809.0,42416.0,968.0,1463.0,134642.0,,
2014-11-01,United States,348900.0,369400.0,442.0,5.7,298900.0,64.0,66.0,5.8,41.6,166.65200000000002,1942.0,117686.0,7126.0,3809.0,42416.0,968.0,1463.0,134642.0,,
2014-12-01,United States,373200.0,369400.0,497.0,5.1,298900.0,64.0,66.0,5.6,127.2,166.454,1942.0,117686.0,7126.0,3809.0,42416.0,968.0,1463.0,134642.0,,
2015-01-01,United States,348300.0,348000.0,515.0,4.8,289200.0,63.7,65.0,5.7,82.5,166.24200000000002,1906.0,117360.0,7230.0,3877.0,42631.0,986.0,1424.0,134862.0,,
2015-02-01,United States,346300.0,348000.0,540.0,4.5,289200.0,63.7,65.0,5.5,70.02,166.623,1906.0,117360.0,7230.0,3877.0,42631.0,986.0,1424.0,134862.0,,
2015-03-01,United States,349300.0,348000.0,480.0,5.1,289200.0,63.7,67.0,5.4,88.25,168.081,1906.0,117360.0,7230.0,3877.0,42631.0,986.0,1424.0,134862.0,,
2015-04-01,United States,340400.0,339700.0,502.0,4.9,289100.0,63.4,67.0,5.4,39.66,169.965,2044.0,117702.0,7163.0,3836.0,43029.0,1134.0,1385.0,135081.0,,
2015-05-01,United States,336200.0,339700.0,502.0,5.0,289100.0,63.4,69.0,5.6,86.03,171.84599999999998,2044.0,117702.0,7163.0,3836.0,43029.0,1134.0,1385.0,135081.0,,
2015-06-01,United States,326900.0,339700.0,480.0,5.4,289100.0,63.4,68.0,5.3,122.02,173.446,2044.0,117702.0,7163.0,3836.0,43029.0,1134.0,1385.0,135081.0,,
2015-07-01,United States,341200.0,347400.0,506.0,5.2,295800.0,63.7,74.0,5.2,29.32,174.491,2093.0,117799.0,7166.0,3803.0,42770.0,1194.0,1426.0,135309.0,,
2015-08-01,United States,343300.0,347400.0,518.0,5.0,295800.0,63.7,74.0,5.1,113.96,174.93,2093.0,117799.0,7166.0,3803.0,42770.0,1194.0,1426.0,135309.0,,
2015-09-01,United States,357200.0,347400.0,456.0,5.9,295800.0,63.7,72.0,5.0,77.75,175.03400000000002,2093.0,117799.0,7166.0,3803.0,42770.0,1194.0,1426.0,135309.0,,
2015-10-01,United States,368900.0,366700.0,482.0,5.6,302500.0,63.8,74.0,5.0,46.01,175.03799999999998,2033.0,118264.0,7352.0,3896.0,42758.0,1018.0,1452.0,135552.0,,
2015-11-01,United States,373200.0,366700.0,504.0,5.5,302500.0,63.8,75.0,5.1,61.99,175.128,2033.0,118264.0,7352.0,3896.0,42758.0,1018.0,1452.0,135552.0,,
2015-12-01,United States,352500.0,366700.0,546.0,5.1,302500.0,63.8,76.0,5.0,59.74,175.1,2033.0,118264.0,7352.0,3896.0,42758.0,1018.0,1452.0,135552.0,,
2016-01-01,United States,361200.0,357000.0,505.0,5.6,299800.0,63.5,78.0,4.8,94.57,175.021,2093.0,118038.0,7605.0,3938.0,43047.0,973.0,1317.0,135795.0,,
2016-02-01,United States,341700.0,357000.0,517.0,5.5,299800.0,63.5,77.0,4.9,65.74,175.267,2093.0,118038.0,7605.0,3938.0,43047.0,973.0,1317.0,135795.0,,
2016-03-01,United States,359000.0,357000.0,532.0,5.5,299800.0,63.5,79.0,5.0,36.42,176.59099999999998,2093.0,118038.0,7605.0,3938.0,43047.0,973.0,1317.0,135795.0,,
2016-04-01,United States,369300.0,357900.0,576.0,5.0,306000.0,62.9,79.0,5.1,45.03,178.488,2085.0,118772.0,7337.0,3824.0,44045.0,1083.0,1311.0,136039.0,,
2016-05-01,United States,349700.0,357900.0,571.0,5.1,306000.0,62.9,79.0,4.8,48.19,180.337,2085.0,118772.0,7337.0,3824.0,44045.0,1083.0,1311.0,136039.0,,
2016-06-01,United States,357800.0,357900.0,557.0,5.3,306000.0,62.9,80.0,4.9,96.08,181.907,2085.0,118772.0,7337.0,3824.0,44045.0,1083.0,1311.0,136039.0,,
2016-07-01,United States,353000.0,358800.0,628.0,4.5,303800.0,63.5,75.0,4.8,117.46,183.008,2054.0,119129.0,7157.0,3780.0,43451.0,1183.0,1359.0,136289.0,64.0,127.0
2016-08-01,United States,355100.0,358800.0,575.0,5.0,303800.0,63.5,80.0,4.9,45.98,183.645,2054.0,119129.0,7157.0,3780.0,43451.0,1183.0,1359.0,136289.0,67.0,126.0
2016-09-01,United States,366100.0,358800.0,558.0,5.2,303800.0,63.5,83.0,5.0,34.93,183.933,2054.0,119129.0,7157.0,3780.0,43451.0,1183.0,1359.0,136289.0,71.0,126.0
2016-10-01,United States,352200.0,364900.0,575.0,5.2,310900.0,63.7,84.0,4.9,95.82,184.006,2181.0,119226.0,7368.0,3708.0,43251.0,998.0,1407.0,136554.0,72.0,127.0
2016-11-01,United States,363400.0,364900.0,571.0,5.2,310900.0,63.7,87.0,4.7,63.67,184.217,2181.0,119226.0,7368.0,3708.0,43251.0,998.0,1407.0,136554.0,74.0,126.0
2016-12-01,United States,382500.0,364900.0,561.0,5.4,310900.0,63.7,94.0,4.7,127.18,184.389,2181.0,119226.0,7368.0,3708.0,43251.0,998.0,1407.0,136554.0,83.0,125.0
2017-01-01,United States,357700.0,374800.0,573.0,5.4,313100.0,63.6,100.0,4.7,139.29,184.642,2077.0,119435.0,7306.0,3794.0,43475.0,991.0,1298.0,136818.0,88.0,126.0
2017-02-01,United States,370500.0,374800.0,587.0,5.3,313100.0,63.6,94.0,4.6,114.25,185.01,2077.0,119435.0,7306.0,3794.0,43475.0,991.0,1298.0,136818.0,82.0,128.0
2017-03-01,United States,384400.0,374800.0,632.0,5.0,313100.0,63.6,89.0,4.4,221.37,186.518,2077.0,119435.0,7306.0,3794.0,43475.0,991.0,1298.0,136818.0,62.0,130.0
2017-04-01,United States,365800.0,376900.0,598.0,5.4,318200.0,63.7,89.0,4.4,224.35,188.531,2224.0,119447.0,7484.0,3865.0,43383.0,1268.0,1205.0,137083.0,58.0,132.0
2017-05-01,United States,378400.0,376900.0,635.0,5.1,318200.0,63.7,88.0,4.4,168.16,190.526,2224.0,119447.0,7484.0,3865.0,43383.0,1268.0,1205.0,137083.0,55.0,133.0
2017-06-01,United States,370600.0,376900.0,619.0,5.3,318200.0,63.7,89.0,4.3,111.89,192.252,2224.0,119447.0,7484.0,3865.0,43383.0,1268.0,1205.0,137083.0,56.0,134.0
2017-07-01,United States,372400.0,373200.0,572.0,5.8,320500.0,63.9,84.0,4.3,80.96,193.496,2243.0,119669.0,7437.0,3963.0,43150.0,1386.0,1255.0,137354.0,59.0,134.0
2017-08-01,United States,369200.0,373200.0,556.0,6.1,320500.0,63.9,90.0,4.4,43.34,194.33,2243.0,119669.0,7437.0,3963.0,43150.0,1386.0,1255.0,137354.0,61.0,133.0
2017-09-01,United States,379300.0,373200.0,637.0,5.3,320500.0,63.9,92.0,4.3,44.96,194.801,2243.0,119669.0,7437.0,3963.0,43150.0,1386.0,1255.0,137354.0,64.0,133.0
2017-10-01,United States,394000.0,399700.0,626.0,5.5,337900.0,64.2,97.0,4.2,50.39,195.068,2186.0,120821.0,7345.0,3805.0,43230.0,1005.0,1268.0,137637.0,68.0,134.0
2017-11-01,United States,388500.0,399700.0,711.0,4.8,337900.0,64.2,100.0,4.2,101.48,195.435,2186.0,120821.0,7345.0,3805.0,43230.0,1005.0,1268.0,137637.0,71.0,133.0
2017-12-01,United States,402900.0,399700.0,630.0,5.6,337900.0,64.2,108.0,4.1,174.9,195.832,2186.0,120821.0,7345.0,3805.0,43230.0,1005.0,1268.0,137637.0,78.0,133.0
2018-01-01,United States,377800.0,374600.0,590.0,6.0,331800.0,64.2,104.0,4.0,71.84,196.101,2239.0,120662.0,7662.0,4028.0,43249.0,1035.0,1167.0,137920.0,83.0,134.0
2018-02-01,United States,373600.0,374600.0,618.0,5.7,331800.0,64.2,102.0,4.1,46.68,196.891,2239.0,120662.0,7662.0,4028.0,43249.0,1035.0,1167.0,137920.0,76.0,136.0
2018-03-01,United States,369200.0,374600.0,679.0,5.2,331800.0,64.2,101.0,4.0,67.64,198.558,2239.0,120662.0,7662.0,4028.0,43249.0,1035.0,1167.0,137920.0,58.0,139.0
2018-04-01,United States,385100.0,378400.0,642.0,5.6,315600.0,64.3,98.0,4.0,86.67,200.597,2102.0,121143.0,7543.0,4144.0,43289.0,1185.0,1161.0,138203.0,54.0,142.0
2018-05-01,United States,372600.0,378400.0,662.0,5.5,315600.0,64.3,97.0,3.8,77.32,202.43400000000003,2102.0,121143.0,7543.0,4144.0,43289.0,1185.0,1161.0,138203.0,51.0,144.0
2018-06-01,United States,370100.0,378400.0,636.0,5.8,315600.0,64.3,97.0,4.0,114.66,204.026,2102.0,121143.0,7543.0,4144.0,43289.0,1185.0,1161.0,138203.0,51.0,144.0
2018-07-01,United States,392300.0,392900.0,628.0,6.0,330900.0,64.4,95.0,3.8,91.35,204.935,2098.0,121267.0,7463.0,3962.0,43225.0,1153.0,1255.0,138488.0,55.0,144.0
2018-08-01,United States,380900.0,392900.0,593.0,6.5,330900.0,64.4,97.0,3.8,121.46,205.313,2098.0,121267.0,7463.0,3962.0,43225.0,1153.0,1255.0,138488.0,58.0,143.0
2018-09-01,United States,386400.0,392900.0,595.0,6.6,330900.0,64.4,95.0,3.7,83.77,205.359,2098.0,121267.0,7463.0,3962.0,43225.0,1153.0,1255.0,138488.0,60.0,144.0
2018-10-01,United States,394900.0,384000.0,554.0,7.2,322800.0,64.8,92.0,3.8,79.07,205.354,2017.0,122396.0,7166.0,3782.0,43079.0,1060.0,1183.0,138778.0,64.0,144.0
2018-11-01,United States,367100.0,384000.0,625.0,6.4,322800.0,64.8,90.0,3.8,136.43,205.092,2017.0,122396.0,7166.0,3782.0,43079.0,1060.0,1183.0,138778.0,66.0,144.0
2018-12-01,United States,381800.0,384000.0,546.0,7.6,322800.0,64.8,90.0,3.9,149.82,204.681,2017.0,122396.0,7166.0,3782.0,43079.0,1060.0,1183.0,138778.0,75.0,144.0
2019-01-01,United States,361100.0,375500.0,595.0,7.0,313000.0,64.2,88.0,4.0,126.24,204.182,2071.0,122255.0,7424.0,3975.0,43723.0,1028.0,1090.0,139069.0,81.0,144.0
2019-02-01,United States,383600.0,375500.0,648.0,6.3,313000.0,64.2,91.0,3.8,125.24,204.406,2071.0,122255.0,7424.0,3975.0,43723.0,1028.0,1090.0,139069.0,75.0,147.0
2019-03-01,United States,372700.0,375500.0,718.0,5.6,313000.0,64.2,91.0,3.8,134.75,205.755,2071.0,122255.0,7424.0,3975.0,43723.0,1028.0,1090.0,139069.0,65.0,149.0
2019-04-01,United States,385400.0,376700.0,702.0,5.7,322500.0,64.1,93.0,3.7,75.34,207.672,2190.0,122329.0,7695.0,4136.0,43887.0,1180.0,1043.0,139360.0,54.0,151.0
2019-05-01,United States,379100.0,376700.0,618.0,6.5,322500.0,64.1,93.0,3.6,94.35,209.337,2190.0,122329.0,7695.0,4136.0,43887.0,1180.0,1043.0,139360.0,52.0,153.0
2019-06-01,United States,361900.0,376700.0,729.0,5.4,322500.0,64.1,94.0,3.6,114.41,210.571,2190.0,122329.0,7695.0,4136.0,43887.0,1180.0,1043.0,139360.0,53.0,152.0
2019-07-01,United States,373500.0,382700.0,648.0,6.1,318400.0,64.8,95.0,3.7,103.01,211.321,2217.0,122617.0,7625.0,4040.0,43196.0,1177.0,1177.0,139655.0,57.0,152.0
2019-08-01,United States,392700.0,382700.0,712.0,5.5,318400.0,64.8,97.0,3.6,135.02,211.68,2217.0,122617.0,7625.0,4040.0,43196.0,1177.0,1177.0,139655.0,59.0,151.0
2019-09-01,United States,372100.0,382700.0,712.0,5.4,318400.0,64.8,98.0,3.5,113.0,211.858,2217.0,122617.0,7625.0,4040.0,43196.0,1177.0,1177.0,139655.0,62.0,150.0
2019-10-01,United States,380300.0,384600.0,722.0,5.3,327100.0,65.1,99.0,3.6,133.29,211.952,2155.0,123848.0,7289.0,3873.0,43233.0,980.0,1145.0,139961.0,64.0,150.0
2019-11-01,United States,384400.0,384600.0,713.0,5.4,327100.0,65.1,100.0,3.6,41.19,212.091,2155.0,123848.0,7289.0,3873.0,43233.0,980.0,1145.0,139961.0,67.0,150.0
2019-12-01,United States,377700.0,384600.0,700.0,5.5,327100.0,65.1,98.0,3.6,105.75,212.223,2155.0,123848.0,7289.0,3873.0,43233.0,980.0,1145.0,139961.0,77.0,149.0
2020-01-01,United States,384000.0,383000.0,689.0,5.7,329000.0,65.3,101.0,3.6,122.2,212.385,2093.0,124299.0,7476.0,4020.0,43094.0,835.0,934.0,140266.0,82.0,149.0
2020-02-01,United States,386200.0,383000.0,707.0,5.6,329000.0,65.3,104.0,3.5,225.32,213.205,2093.0,124299.0,7476.0,4020.0,43094.0,835.0,934.0,140266.0,73.0,151.0
2020-03-01,United States,375400.0,383000.0,626.0,6.4,329000.0,65.3,97.0,4.4,516.55,215.179,2093.0,124299.0,7476.0,4020.0,43094.0,835.0,934.0,140266.0,57.0,155.0
2020-04-01,United States,358900.0,371100.0,576.0,6.8,317100.0,67.9,74.0,14.8,440.07,217.221,1918.0,126726.0,6258.0,3463.0,40739.0,910.0,758.0,140602.0,60.0,155.0
2020-05-01,United States,366900.0,371100.0,707.0,5.3,317100.0,67.9,80.0,13.2,557.19,218.467,1918.0,126726.0,6258.0,3463.0,40739.0,910.0,758.0,140602.0,68.0,159.0
2020-06-01,United States,377900.0,371100.0,901.0,4.0,317100.0,67.9,85.0,11.0,292.37,219.794,1918.0,126726.0,6258.0,3463.0,40739.0,910.0,758.0,140602.0,62.0,163.0
2020-07-01,United States,384500.0,400600.0,981.0,3.5,327900.0,67.4,97.0,10.2,384.08,221.554,1860.0,126672.0,6080.0,3258.0,41258.0,923.0,821.0,140921.0,53.0,166.0
2020-08-01,United States,390600.0,400600.0,1016.0,3.4,327900.0,67.4,94.0,8.4,169.1,224.036,1860.0,126672.0,6080.0,3258.0,41258.0,923.0,821.0,140921.0,51.0,168.0
2020-09-01,United States,411300.0,400600.0,979.0,3.5,327900.0,67.4,95.0,7.8,207.77,226.787,1860.0,126672.0,6080.0,3258.0,41258.0,923.0,821.0,140921.0,50.0,171.0
2020-10-01,United States,394400.0,396900.0,1031.0,3.3,338600.0,65.8,100.0,6.9,186.36,229.797,2072.0,125814.0,6929.0,3592.0,43004.0,1021.0,841.0,141260.0,51.0,173.0
2020-11-01,United States,397500.0,396900.0,877.0,3.9,338600.0,65.8,101.0,6.7,156.15,232.299,2072.0,125814.0,6929.0,3592.0,43004.0,1021.0,841.0,141260.0,54.0,174.0
2020-12-01,United States,386800.0,396900.0,874.0,4.1,338600.0,65.8,104.0,6.7,307.12,234.348,2072.0,125814.0,6929.0,3592.0,43004.0,1021.0,841.0,141260.0,62.0,173.0
2021-01-01,United States,411900.0,417400.0,898.0,4.1,355000.0,65.6,109.0,6.4,199.79,236.42,1974.0,125996.0,6988.0,3787.0,43385.0,941.0,736.0,141599.0,66.0,175.0
2021-02-01,United States,423700.0,417400.0,778.0,4.8,355000.0,65.6,102.0,6.2,194.65,239.2,1974.0,125996.0,6988.0,3787.0,43385.0,941.0,736.0,141599.0,56.0,181.0
2021-03-01,United States,408100.0,417400.0,871.0,4.3,355000.0,65.6,111.0,6.1,136.03,244.195,1974.0,125996.0,6988.0,3787.0,43385.0,941.0,736.0,141599.0,45.0,186.0
2021-04-01,United States,427100.0,428600.0,828.0,4.6,367800.0,65.4,104.0,6.1,125.83,249.801,1976.0,126279.0,7047.0,3906.0,43698.0,1118.0,722.0,141938.0,37.0,192.0
2021-05-01,United States,429300.0,428600.0,725.0,5.5,367800.0,65.4,104.0,5.8,74.69,255.424,1976.0,126279.0,7047.0,3906.0,43698.0,1118.0,722.0,141938.0,35.0,196.0
2021-06-01,United States,422200.0,428600.0,695.0,6.0,367800.0,65.4,103.0,5.9,133.65,261.147,1976.0,126279.0,7047.0,3906.0,43698.0,1118.0,722.0,141938.0,33.0,197.0
2021-07-01,United States,437000.0,468000.0,726.0,6.0,395200.0,65.4,103.0,5.4,116.35,265.482,2035.0,127090.0,7019.0,3746.0,44039.0,1222.0,723.0,142299.0,35.0,196.0
2021-08-01,United States,493100.0,468000.0,686.0,6.6,395200.0,65.4,102.0,5.1,166.77,268.756,2035.0,127090.0,7019.0,3746.0,44039.0,1222.0,723.0,142299.0,37.0,196.0
2021-09-01,United States,462900.0,468000.0,728.0,6.2,395200.0,65.4,103.0,4.7,142.53,271.407,2035.0,127090.0,7019.0,3746.0,44039.0,1222.0,723.0,142299.0,41.0,197.0
2021-10-01,United States,479500.0,496700.0,684.0,6.8,414000.0,65.5,107.0,4.5,97.73,273.61400000000003,2052.0,127696.0,6912.0,3690.0,44053.0,947.0,728.0,142706.0,43.0,197.0
2021-11-01,United States,493700.0,496700.0,789.0,5.9,414000.0,65.5,112.0,4.2,117.24,275.981,2052.0,127696.0,6912.0,3690.0,44053.0,947.0,728.0,142706.0,46.0,196.0
2021-12-01,United States,501900.0,496700.0,825.0,5.6,414000.0,65.5,109.0,3.9,132.09,278.555,2052.0,127696.0,6912.0,3690.0,44053.0,947.0,728.0,142706.0,53.0,195.0
2022-01-01,United States,487800.0,499300.0,807.0,5.8,413500.0,65.4,119.0,4.0,184.81,281.932,2093.0,127928.0,6999.0,3716.0,44284.0,931.0,668.0,143112.0,59.0,197.0
2022-02-01,United States,495700.0,499300.0,788.0,6.0,413500.0,65.4,120.0,3.8,167.06,287.152,2093.0,127928.0,6999.0,3716.0,44284.0,931.0,668.0,143112.0,41.0,205.0
2022-03-01,United States,493200.0,499300.0,720.0,6.8,413500.0,65.4,123.0,3.7,81.85,294.95,2093.0,127928.0,6999.0,3716.0,44284.0,931.0,668.0,143112.0,34.0,213.0
2022-04-01,United States,538000.0,525100.0,624.0,8.3,437700.0,65.8,122.0,3.7,281.5,301.573,2274.0,128206.0,7242.0,3717.0,43851.0,1078.0,716.0,143519.0,30.0,219.0
2022-05-01,United States,508900.0,525100.0,644.0,8.2,437700.0,65.8,120.0,3.6,72.9,306.338,2274.0,128206.0,7242.0,3717.0,43851.0,1078.0,716.0,143519.0,30.0,225.0
2022-06-01,United States,501900.0,525100.0,549.0,9.7,437700.0,65.8,120.0,3.6,158.37,308.136,2274.0,128206.0,7242.0,3717.0,43851.0,1078.0,716.0,143519.0,31.0,227.0
2022-07-01,United States,541200.0,520300.0,519.0,10.6,438000.0,66.0,115.0,3.5,118.84,306.978,2121.0,128580.0,7158.0,3826.0,43669.0,992.0,752.0,143919.0,34.0,226.0
2022-08-01,United States,515600.0,520300.0,638.0,8.7,438000.0,66.0,114.0,3.6,126.46,303.561,2121.0,128580.0,7158.0,3826.0,43669.0,992.0,752.0,143919.0,41.0,222.0
2022-09-01,United States,496400.0,520300.0,552.0,10.1,438000.0,66.0,108.0,3.5,192.84,300.396,2121.0,128580.0,7158.0,3826.0,43669.0,992.0,752.0,143919.0,47.0,220.0
2022-10-01,United States,526000.0,521000.0,579.0,9.7,442600.0,65.9,102.0,3.6,161.13,298.61,2015.0,129718.0,6673.0,3545.0,44283.0,815.0,721.0,144308.0,50.0,218.0
2022-11-01,United States,506100.0,521000.0,597.0,9.2,442600.0,65.9,97.0,3.6,89.9,296.79400000000004,2015.0,129718.0,6673.0,3545.0,44283.0,815.0,721.0,144308.0,55.0,215.0
2022-12-01,United States,516100.0,521000.0,621.0,8.7,442600.0,65.9,93.0,3.5,162.78,294.286,2015.0,129718.0,6673.0,3545.0,44283.0,815.0,721.0,144308.0,65.0,213.0
2023-01-01,United States,486900.0,505300.0,650.0,8.1,429000.0,66.0,88.0,3.5,158.19,292.777,2152.0,129600.0,6929.0,3622.0,44119.0,877.0,664.0,144697.0,72.0,214.0
2023-02-01,United States,499100.0,505300.0,636.0,8.2,429000.0,66.0,85.0,3.6,88.38,293.57,2152.0,129600.0,6929.0,3622.0,44119.0,877.0,664.0,144697.0,65.0,217.0
2023-03-01,United States,519600.0,505300.0,651.0,7.9,429000.0,66.0,83.0,3.5,144.99,297.5,2152.0,129600.0,6929.0,3622.0,44119.0,877.0,664.0,144697.0,52.0,220.0
2023-04-01,United States,500900.0,503000.0,665.0,7.7,418500.0,65.9,84.0,3.4,209.08,301.63,2008.0,130044.0,6808.0,3627.0,44300.0,1020.0,650.0,145085.0,46.0,222.0
2023-05-01,United States,495800.0,503000.0,739.0,6.9,418500.0,65.9,86.0,3.6,264.79,305.504,2008.0,130044.0,6808.0,3627.0,44300.0,1020.0,650.0,145085.0,43.0,225.0
2023-06-01,United States,507800.0,503000.0,674.0,7.7,418500.0,65.9,87.0,3.6,96.85,308.461,2008.0,130044.0,6808.0,3627.0,44300.0,1020.0,650.0,145085.0,44.0,225.0
2023-07-01,United States,507600.0,521900.0,702.0,7.3,435400.0,66.0,88.0,3.5,81.19,310.382,1999.0,130312.0,6693.0,3552.0,44346.0,1018.0,732.0,145474.0,45.0,224.0
2023-08-01,United States,530400.0,521900.0,645.0,8.0,435400.0,66.0,90.0,3.7,167.14,311.748,1999.0,130312.0,6693.0,3552.0,44346.0,1018.0,732.0,145474.0,46.0,223.0
2023-09-01,United States,515000.0,521900.0,681.0,7.7,435400.0,66.0,97.0,3.8,113.8,312.60200000000003,1999.0,130312.0,6693.0,3552.0,44346.0,1018.0,732.0,145474.0,48.0,222.0
2023-10-01,United States,498800.0,498300.0,681.0,7.8,423200.0,65.7,94.0,3.9,42.38,312.964,1906.0,131113.0,6409.0,3450.0,44953.0,783.0,756.0,145863.0,50.0,221.0
2023-11-01,United States,489000.0,498300.0,610.0,8.8,423200.0,65.7,93.0,3.7,147.72,312.208,1906.0,131113.0,6409.0,3450.0,44953.0,783.0,756.0,145863.0,52.0,221.0
2023-12-01,United States,493000.0,498300.0,643.0,8.4,423200.0,65.7,97.0,3.8,221.29,311.02,1906.0,131113.0,6409.0,3450.0,44953.0,783.0,756.0,145863.0,61.0,219.0
2024-01-01,United States,527800.0,519700.0,681.0,8.1,426800.0,65.6,91.0,3.7,81.76,310.884,2138.0,130982.0,6899.0,3608.0,45002.0,737.0,727.0,146252.0,69.0,221.0
2024-02-01,United States,509700.0,519700.0,658.0,8.4,426800.0,65.6,102.0,3.9,105.86,312.805,2138.0,130982.0,6899.0,3608.0,45002.0,737.0,727.0,146252.0,61.0,224.0
2024-03-01,United States,522500.0,519700.0,692.0,8.1,426800.0,65.6,102.0,3.9,89.56,316.985,2138.0,130982.0,6899.0,3608.0,45002.0,737.0,727.0,146252.0,50.0,228.0
2024-04-01,United States,500600.0,502200.0,719.0,7.7,414500.0,65.6,104.0,3.9,111.88,320.902,2066.0,131414.0,6764.0,3642.0,45155.0,940.0,829.0,146640.0,47.0,230.0
2024-05-01,United States,499300.0,502200.0,665.0,8.5,414500.0,65.6,100.0,4.0,72.4,323.828,2066.0,131414.0,6764.0,3642.0,45155.0,940.0,829.0,146640.0,45.0,233.0
2024-06-01,United States,495500.0,502200.0,671.0,8.4,414500.0,65.6,101.0,4.1,130.99,325.377,2066.0,131414.0,6764.0,3642.0,45155.0,940.0,829.0,146640.0,48.0,232.0
2024-07-01,United States,513200.0,498700.0,710.0,7.9,415300.0,65.6,104.0,4.2,53.04,325.688,1879.0,132114.0,6225.0,3321.0,45494.0,995.0,893.0,147029.0,51.0,230.0
2024-08-01,United States,475600.0,498700.0,693.0,8.2,415300.0,65.6,104.0,4.2,66.18,325.135,1879.0,132114.0,6225.0,3321.0,45494.0,995.0,893.0,147029.0,53.0,228.0
2024-09-01,United States,505800.0,498700.0,717.0,7.9,415300.0,65.6,107.0,4.1,116.24,324.76,1879.0,132114.0,6225.0,3321.0,45494.0,995.0,893.0,147029.0,55.0,227.0
2024-10-01,United States,521900.0,510900.0,621.0,9.3,419300.0,65.7,106.0,4.1,107.64,324.087,1955.0,132404.0,6577.0,3538.0,45462.0,803.0,969.0,147418.0,57.0,226.0
2024-11-01,United States,483000.0,510900.0,675.0,8.7,419300.0,65.7,109.0,4.2,123.13,323.785,1955.0,132404.0,6577.0,3538.0,45462.0,803.0,969.0,147418.0,61.0,224.0
2024-12-01,United States,508900.0,510900.0,718.0,8.2,419300.0,65.7,104.0,4.1,109.44,323.361,1955.0,132404.0,6577.0,3538.0,45462.0,803.0,969.0,147418.0,70.0,222.0
2025-01-01,United States,518200.0,503800.0,662.0,9.0,416900.0,65.1,106.0,4.0,495.78,323.748,2056.0,132236.0,6684.0,3497.0,46149.0,868.0,942.0,147807.0,73.0,224.0
2025-02-01,United States,493000.0,503800.0,653.0,9.2,416900.0,65.1,108.0,4.1,345.22,325.218,2056.0,132236.0,6684.0,3497.0,46149.0,868.0,942.0,147807.0,66.0,227.0
2025-03-01,United States,499700.0,503800.0,670.0,9.1,416900.0,65.1,109.0,4.2,426.16,327.67900000000003,2056.0,132236.0,6684.0,3497.0,46149.0,868.0,942.0,147807.0,53.0,231.0
2025-04-01,United States,518400.0,,743.0,8.1,,,,4.2,433.1,,,,,,,,,,50.0,233.0
2025-05-01,United States,,,,,,,,,370.87,,,,,,,,,,,
2025-06-01,United States,,,,,,,,,566.76,,,,,,,,,,,
